fold,h,target,feat,model,n_train,n_test,auc,null_mean,null_sd,ls_bps,hit,base_rate
0,6,dir,rconv,logit,8000,3000,0.4823603465341029,0.4987702932639375,0.010357047402902983,-7.103649103021593,0.485,0.515
0,6,dir,rconv,hgb,8000,3000,0.5059104304985598,0.49769376883639715,0.011042774728442822,-2.775737830213194,0.5036666666666667,0.515
0,6,dir,raw,logit,8000,3000,0.501392809083731,0.4952038612529054,0.012948923274091832,4.0086920347515855,0.49266666666666664,0.515
0,6,dir,raw,hgb,8000,3000,0.5114738820494,0.4971341985564786,0.008222485320092208,-0.5152851909814387,0.509,0.515
0,6,dir,kpi,logit,8000,3000,0.49302461103882383,0.49691959430153804,0.011066229660496165,-4.782165218833446,0.49233333333333335,0.515
0,6,dir,kpi,hgb,8000,3000,0.4980644802544512,0.49909752110232547,0.009110212840832643,-0.5416908178305493,0.5046666666666667,0.515
0,6,dir,pca,logit,8000,3000,0.5070899364984042,0.49815456132741687,0.014963766759479717,-3.929243710006181,0.5053333333333333,0.515
0,6,dir,pca,hgb,8000,3000,0.4995002168618423,0.5037870750341974,0.012750231349500898,-1.4976388325767336,0.49733333333333335,0.515
0,6,dir,ae,logit,8000,3000,0.5039786919338516,0.49570100868559486,0.0077383128447797885,0.00025717139482943504,0.5156666666666667,0.515
0,6,dir,ae,hgb,8000,3000,0.5067832160055161,0.49741745348591515,0.009849584031228138,4.806031070987923,0.504,0.515
0,6,dir,rconv+kpi,logit,8000,3000,0.48367575262180407,0.4984015614052647,0.009970038529397584,-7.087156353989877,0.4806666666666667,0.515
0,6,dir,rconv+kpi,hgb,8000,3000,0.4986416663886387,0.4984671982562084,0.010955431550685403,1.0012470282002914,0.5073333333333333,0.515
0,6,vol,rconv,logit,8000,3000,0.6151161229395834,,,,,
0,6,vol,rconv,hgb,8000,3000,0.6293915517511339,,,,,
0,6,vol,raw,logit,8000,3000,0.8266932653022079,,,,,
0,6,vol,raw,hgb,8000,3000,0.8152176967764471,,,,,
0,6,vol,kpi,logit,8000,3000,0.819160653052412,,,,,
0,6,vol,kpi,hgb,8000,3000,0.8174088723876631,,,,,
0,6,vol,pca,logit,8000,3000,0.5772641441679354,,,,,
0,6,vol,pca,hgb,8000,3000,0.5728264782517345,,,,,
0,6,vol,ae,logit,8000,3000,0.5380703379861616,,,,,
0,6,vol,ae,hgb,8000,3000,0.5686939353237404,,,,,
0,6,vol,rconv+kpi,logit,8000,3000,0.815660214326595,,,,,
0,6,vol,rconv+kpi,hgb,8000,3000,0.8235568329482865,,,,,
0,24,dir,rconv,logit,7988,3000,0.5122721947686326,0.4996617418821409,0.01548285455595172,6.53894203575202,0.5036666666666667,0.5423333333333333
0,24,dir,rconv,hgb,7988,3000,0.5156868950803336,0.49903479207169976,0.009965176501092469,8.756703146561653,0.5116666666666667,0.5423333333333333
0,24,dir,raw,logit,7988,3000,0.49039335753944613,0.49743321122840134,0.011208894648303592,-11.443161726456037,0.496,0.5423333333333333
0,24,dir,raw,hgb,7988,3000,0.5170155304402089,0.49637061629789725,0.008806644565833311,-0.6915669020249345,0.5183333333333333,0.5423333333333333
0,24,dir,kpi,logit,7988,3000,0.48895370413063244,0.4971393043734397,0.015973839542921524,-15.777947287592205,0.49666666666666665,0.5423333333333333
0,24,dir,kpi,hgb,7988,3000,0.4919496246649873,0.49306542320483143,0.011872342041406359,0.3551867467915169,0.49266666666666664,0.5423333333333333
0,24,dir,pca,logit,7988,3000,0.5103873500305076,0.5070327024255206,0.00955548929493864,-0.6768872879149856,0.516,0.5423333333333333
0,24,dir,pca,hgb,7988,3000,0.5129427795964941,0.49992316028991823,0.010477670482914444,12.486175511213235,0.5093333333333333,0.5423333333333333
0,24,dir,ae,logit,7988,3000,0.5143638553882476,0.4969198422827459,0.011024307656028423,0.5172002093452364,0.5216666666666666,0.5423333333333333
0,24,dir,ae,hgb,7988,3000,0.5159528012136779,0.5006005718324826,0.009316305636902897,6.9676908625348455,0.5183333333333333,0.5423333333333333
0,24,dir,rconv+kpi,logit,7988,3000,0.5066098266193526,0.5041454945249748,0.012922735771997205,-2.1237774803474654,0.5133333333333333,0.5423333333333333
0,24,dir,rconv+kpi,hgb,7988,3000,0.5136169456517408,0.4974491812642719,0.01346452697403829,5.456129780809257,0.512,0.5423333333333333
0,24,vol,rconv,logit,7988,3000,0.53440952952575,,,,,
0,24,vol,rconv,hgb,7988,3000,0.5471525051827683,,,,,
0,24,vol,raw,logit,7988,3000,0.8044244099480655,,,,,
0,24,vol,raw,hgb,7988,3000,0.7840335116728052,,,,,
0,24,vol,kpi,logit,7988,3000,0.7991804191096326,,,,,
0,24,vol,kpi,hgb,7988,3000,0.7921318097300687,,,,,
0,24,vol,pca,logit,7988,3000,0.5216536414735448,,,,,
0,24,vol,pca,hgb,7988,3000,0.5254850608040236,,,,,
0,24,vol,ae,logit,7988,3000,0.5061367271263598,,,,,
0,24,vol,ae,hgb,7988,3000,0.5034378139047795,,,,,
0,24,vol,rconv+kpi,logit,7988,3000,0.7823736010087697,,,,,
0,24,vol,rconv+kpi,hgb,7988,3000,0.7906918550392181,,,,,
1,6,dir,rconv,logit,10998,3000,0.4979555476370763,0.5009834973943255,0.00657578074808153,-3.882184890717857,0.5046666666666667,0.5233333333333333
1,6,dir,rconv,hgb,10998,3000,0.5272442207474055,0.5004712707674491,0.01116572379650249,2.571778937976143,0.5286666666666666,0.5233333333333333
1,6,dir,raw,logit,10998,3000,0.5102964233219011,0.4968527459801345,0.011201877303701918,-2.0896900758592922,0.5163333333333333,0.5233333333333333
1,6,dir,raw,hgb,10998,3000,0.501842011491693,0.5005007794753017,0.009912790662003824,-4.945943742446577,0.5073333333333333,0.5233333333333333
1,6,dir,kpi,logit,10998,3000,0.5226900806200169,0.5002467373390941,0.00836405583198368,2.1220279513945206,0.5236666666666666,0.5233333333333333
1,6,dir,kpi,hgb,10998,3000,0.5212364705358337,0.4970219477974256,0.010523411619770683,10.89416494001841,0.521,0.5233333333333333
1,6,dir,pca,logit,10998,3000,0.49953387376954256,0.4999060064139682,0.0064265759289962076,1.1878913270399114,0.51,0.5233333333333333
1,6,dir,pca,hgb,10998,3000,0.5021388802280522,0.4978948153757073,0.011356377470288113,0.3862471256228343,0.5213333333333333,0.5233333333333333
1,6,dir,ae,logit,10998,3000,0.4881223553516547,0.5007303572223955,0.00918391814905353,-10.54571044478438,0.5053333333333333,0.5233333333333333
1,6,dir,ae,hgb,10998,3000,0.4902262705447419,0.5031075007794753,0.009471797850053802,-8.664782360852161,0.49766666666666665,0.5233333333333333
1,6,dir,rconv+kpi,logit,10998,3000,0.5046701705937375,0.4998514320074829,0.008892623261904296,3.212036956016539,0.5136666666666667,0.5233333333333333
1,6,dir,rconv+kpi,hgb,10998,3000,0.5225241637343548,0.49938336822413254,0.00919349790611202,4.502952537194983,0.5283333333333333,0.5233333333333333
1,6,vol,rconv,logit,10998,3000,0.5906798830354117,,,,,
1,6,vol,rconv,hgb,10998,3000,0.5968697253478146,,,,,
1,6,vol,raw,logit,10998,3000,0.803346522495324,,,,,
1,6,vol,raw,hgb,10998,3000,0.7965780016883471,,,,,
1,6,vol,kpi,logit,10998,3000,0.8004010856412074,,,,,
1,6,vol,kpi,hgb,10998,3000,0.7995426972562294,,,,,
1,6,vol,pca,logit,10998,3000,0.5412877017980761,,,,,
1,6,vol,pca,hgb,10998,3000,0.5512884767320347,,,,,
1,6,vol,ae,logit,10998,3000,0.5394269432156825,,,,,
1,6,vol,ae,hgb,10998,3000,0.5476222137341225,,,,,
1,6,vol,rconv+kpi,logit,10998,3000,0.7942188092520694,,,,,
1,6,vol,rconv+kpi,hgb,10998,3000,0.7979811365484073,,,,,
1,24,dir,rconv,logit,10987,3000,0.5074995569590023,0.5006189628689237,0.014571310360414392,8.454181261635014,0.5203333333333333,0.533
1,24,dir,rconv,hgb,10987,3000,0.4790248544883736,0.502366039802714,0.010641899524931409,-7.273885409568408,0.5003333333333333,0.533
1,24,dir,raw,logit,10987,3000,0.47897173420754147,0.49894678999499603,0.014818661543381175,-19.76895530035979,0.5136666666666667,0.533
1,24,dir,raw,hgb,10987,3000,0.4773053643895029,0.5014346158533238,0.01124363336469312,-10.627783868845766,0.5063333333333333,0.533
1,24,dir,kpi,logit,10987,3000,0.481377324068085,0.5013936150315217,0.00983485636306178,-16.921298646081777,0.49566666666666664,0.533
1,24,dir,kpi,hgb,10987,3000,0.49742411276855314,0.5019806276138862,0.010606709462459962,1.1829073684131275,0.5063333333333333,0.533
1,24,dir,pca,logit,10987,3000,0.467559132023539,0.5014370263534623,0.01567131657803515,-20.958379393456312,0.4866666666666667,0.533
1,24,dir,pca,hgb,10987,3000,0.4831535055591043,0.5019523711955947,0.009034488360755965,-17.76116106157949,0.5223333333333333,0.533
1,24,dir,ae,logit,10987,3000,0.46781201134363515,0.5008966167737777,0.011374417562900575,-22.61460780943365,0.5006666666666667,0.533
1,24,dir,ae,hgb,10987,3000,0.48492834788338,0.4954833700041827,0.013543463480069804,-13.811342949691229,0.5083333333333333,0.533
1,24,dir,rconv+kpi,logit,10987,3000,0.5119134505461345,0.5030552866062346,0.013222692517120117,13.294617888864723,0.5156666666666667,0.533
1,24,dir,rconv+kpi,hgb,10987,3000,0.5039668350892041,0.506555511363053,0.012343851044244741,16.044841774377854,0.506,0.533
1,24,vol,rconv,logit,10987,3000,0.5435594010823606,,,,,
1,24,vol,rconv,hgb,10987,3000,0.555642747471775,,,,,
1,24,vol,raw,logit,10987,3000,0.779220077391908,,,,,
1,24,vol,raw,hgb,10987,3000,0.767587903756473,,,,,
1,24,vol,kpi,logit,10987,3000,0.7796419591115326,,,,,
1,24,vol,kpi,hgb,10987,3000,0.7708012891688112,,,,,
1,24,vol,pca,logit,10987,3000,0.5044077330147195,,,,,
1,24,vol,pca,hgb,10987,3000,0.5174025074033657,,,,,
1,24,vol,ae,logit,10987,3000,0.49243292239601566,,,,,
1,24,vol,ae,hgb,10987,3000,0.5077003631634136,,,,,
1,24,vol,rconv+kpi,logit,10987,3000,0.7713149040502915,,,,,
1,24,vol,rconv+kpi,hgb,10987,3000,0.7751166078348295,,,,,
2,6,dir,rconv,logit,13994,3000,0.5057295033005058,0.501529537955927,0.011207440210024434,-1.3865150755105446,0.5003333333333333,0.5236666666666666
2,6,dir,rconv,hgb,13994,3000,0.49393953297142623,0.5042206561456134,0.009772289607890885,-6.041981768975378,0.5113333333333333,0.5236666666666666
2,6,dir,raw,logit,13994,3000,0.5121779506886317,0.4972382680485478,0.008649528725183729,2.092224362024326,0.5183333333333333,0.5236666666666666
2,6,dir,raw,hgb,13994,3000,0.5191515747058186,0.5033949506427512,0.008681288377314814,7.265639455023245,0.5213333333333333,0.5236666666666666
2,6,dir,kpi,logit,13994,3000,0.5296473120444516,0.4988493442419216,0.010351727724971742,2.8522549692038037,0.528,0.5236666666666666
2,6,dir,kpi,hgb,13994,3000,0.5409684542123041,0.5025233979774242,0.0105859004741683,5.046500994151899,0.5386666666666666,0.5236666666666666
2,6,dir,pca,logit,13994,3000,0.4886213957582298,0.49966081785903443,0.010728475066625345,-6.443413295842964,0.5076666666666667,0.5236666666666666
2,6,dir,pca,hgb,13994,3000,0.493458232422062,0.5030278949415112,0.008279037292641981,-2.4506472353254245,0.5173333333333333,0.5236666666666666
2,6,dir,ae,logit,13994,3000,0.4954711867789123,0.4988147890451451,0.009712166720000344,4.346770939668056,0.5136666666666667,0.5236666666666666
2,6,dir,ae,hgb,13994,3000,0.5044049802245831,0.4983541792968157,0.008784291554148413,3.1567689611312217,0.519,0.5236666666666666
2,6,dir,rconv+kpi,logit,13994,3000,0.5178689232186423,0.5064768888875031,0.00602768990809131,1.323289330789214,0.5156666666666667,0.5236666666666666
2,6,dir,rconv+kpi,hgb,13994,3000,0.5097026270858399,0.5042711025012039,0.010003482054830313,-1.183511329333191,0.5206666666666667,0.5236666666666666
2,6,vol,rconv,logit,13994,3000,0.5403235837016634,,,,,
2,6,vol,rconv,hgb,13994,3000,0.581081141979537,,,,,
2,6,vol,raw,logit,13994,3000,0.786977518043969,,,,,
2,6,vol,raw,hgb,13994,3000,0.7780361996986063,,,,,
2,6,vol,kpi,logit,13994,3000,0.7816098428858814,,,,,
2,6,vol,kpi,hgb,13994,3000,0.7805003460981045,,,,,
2,6,vol,pca,logit,13994,3000,0.5251218553742546,,,,,
2,6,vol,pca,hgb,13994,3000,0.5366787380397868,,,,,
2,6,vol,ae,logit,13994,3000,0.5034923011197716,,,,,
2,6,vol,ae,hgb,13994,3000,0.5069228633849836,,,,,
2,6,vol,rconv+kpi,logit,13994,3000,0.7768370238447173,,,,,
2,6,vol,rconv+kpi,hgb,13994,3000,0.7809838920173916,,,,,
2,24,dir,rconv,logit,13982,3000,0.4802038137325068,0.5034422068175288,0.01153605639592892,-15.552639493399186,0.49466666666666664,0.5313333333333333
2,24,dir,rconv,hgb,13982,3000,0.48712187059938494,0.5022625965792775,0.01060944565700573,-1.7017312838492793,0.5043333333333333,0.5313333333333333
2,24,dir,raw,logit,13982,3000,0.5140987004967061,0.49619125374135953,0.011547984649117382,11.081329384076502,0.5263333333333333,0.5313333333333333
2,24,dir,raw,hgb,13982,3000,0.5054014342546997,0.49983741707434176,0.011253597740769488,5.122982158149278,0.5233333333333333,0.5313333333333333
2,24,dir,kpi,logit,13982,3000,0.5258637922079776,0.497291295951568,0.00943522981782529,19.108613039634697,0.5316666666666666,0.5313333333333333
2,24,dir,kpi,hgb,13982,3000,0.5263742412424972,0.5046027644563271,0.01142718978845236,22.571976578523138,0.528,0.5313333333333333
2,24,dir,pca,logit,13982,3000,0.5059828285658702,0.4970694023284329,0.008633903327519859,-2.0550408010393846,0.5203333333333333,0.5313333333333333
2,24,dir,pca,hgb,13982,3000,0.5205183556401941,0.498905825276508,0.01121252989041697,21.48813367297195,0.5353333333333333,0.5313333333333333
2,24,dir,ae,logit,13982,3000,0.4872068710723534,0.49501423144401746,0.013741586551836252,-4.476806896213636,0.518,0.5313333333333333
2,24,dir,ae,hgb,13982,3000,0.4895005452523778,0.5002555257000381,0.011373806966634037,1.6953508081130075,0.5193333333333333,0.5313333333333333
2,24,dir,rconv+kpi,logit,13982,3000,0.4869989434061943,0.5053227363102387,0.012976770537861566,-15.535367006961714,0.502,0.5313333333333333
2,24,dir,rconv+kpi,hgb,13982,3000,0.5069606686525394,0.5045004738609045,0.012343743327898487,-1.3257783076611187,0.513,0.5313333333333333
2,24,vol,rconv,logit,13982,3000,0.515035839880753,,,,,
2,24,vol,rconv,hgb,13982,3000,0.5465193733981879,,,,,
2,24,vol,raw,logit,13982,3000,0.7895438719239282,,,,,
2,24,vol,raw,hgb,13982,3000,0.7803176134124317,,,,,
2,24,vol,kpi,logit,13982,3000,0.7854205968705698,,,,,
2,24,vol,kpi,hgb,13982,3000,0.7858028620906081,,,,,
2,24,vol,pca,logit,13982,3000,0.506859077222048,,,,,
2,24,vol,pca,hgb,13982,3000,0.5116878317979349,,,,,
2,24,vol,ae,logit,13982,3000,0.47894879524944317,,,,,
2,24,vol,ae,hgb,13982,3000,0.5041346826169757,,,,,
2,24,vol,rconv+kpi,logit,13982,3000,0.7784105371888811,,,,,
2,24,vol,rconv+kpi,hgb,13982,3000,0.7845683847650422,,,,,
3,6,dir,rconv,logit,16994,3000,0.5138937119365204,0.5007424170945902,0.010856705219302059,3.194057729880366,0.5126666666666667,0.5103333333333333
3,6,dir,rconv,hgb,16994,3000,0.5019397173637273,0.4950121696422339,0.0099026112875998,-4.120713423614747,0.511,0.5103333333333333
3,6,dir,raw,logit,16994,3000,0.5127594497027397,0.5001129148938724,0.012454605995485311,-0.6489322591214655,0.508,0.5103333333333333
3,6,dir,raw,hgb,16994,3000,0.5169110006540572,0.5065621027469955,0.011434305171427924,1.9491197904394586,0.5143333333333333,0.5103333333333333
3,6,dir,kpi,logit,16994,3000,0.5207777633024594,0.4931241521378686,0.009787095176770415,9.620454049762088,0.5133333333333333,0.5103333333333333
3,6,dir,kpi,hgb,16994,3000,0.5042731584467854,0.5040408592292085,0.00934291946850242,2.5409549745120974,0.5026666666666667,0.5103333333333333
3,6,dir,pca,logit,16994,3000,0.5011162545424956,0.49671334067572853,0.008995355973592519,1.1476850684920639,0.51,0.5103333333333333
3,6,dir,pca,hgb,16994,3000,0.5015268743672298,0.5009959587183681,0.009024113010534815,3.4599505822206953,0.5013333333333333,0.5103333333333333
3,6,dir,ae,logit,16994,3000,0.5107001256981315,0.49993012571147055,0.009245655642696715,-3.455635981158794,0.5056666666666667,0.5103333333333333
3,6,dir,ae,hgb,16994,3000,0.49839709315845565,0.5066859889935212,0.009462127567067751,7.309144503826611,0.5093333333333333,0.5103333333333333
3,6,dir,rconv+kpi,logit,16994,3000,0.5188087000714527,0.5002203163217712,0.01105513499470423,5.297503396646246,0.5136666666666667,0.5103333333333333
3,6,dir,rconv+kpi,hgb,16994,3000,0.5068824951457045,0.5032299684442999,0.010005177424360506,-2.6984230964647864,0.5103333333333333,0.5103333333333333
3,6,vol,rconv,logit,16994,3000,0.5643053529609614,,,,,
3,6,vol,rconv,hgb,16994,3000,0.5741327520703463,,,,,
3,6,vol,raw,logit,16994,3000,0.8017631365270851,,,,,
3,6,vol,raw,hgb,16994,3000,0.7938458617034188,,,,,
3,6,vol,kpi,logit,16994,3000,0.8017111847293961,,,,,
3,6,vol,kpi,hgb,16994,3000,0.8027905281124166,,,,,
3,6,vol,pca,logit,16994,3000,0.5243732306718039,,,,,
3,6,vol,pca,hgb,16994,3000,0.5502667232164971,,,,,
3,6,vol,ae,logit,16994,3000,0.49290925140594555,,,,,
3,6,vol,ae,hgb,16994,3000,0.5234676570948466,,,,,
3,6,vol,rconv+kpi,logit,16994,3000,0.7931821327019101,,,,,
3,6,vol,rconv+kpi,hgb,16994,3000,0.7991301656769699,,,,,
3,24,dir,rconv,logit,16979,3000,0.4932430298379653,0.5044050089525018,0.01223712076495331,3.272055917416139,0.5053333333333333,0.515
3,24,dir,rconv,hgb,16979,3000,0.4966625518522226,0.4977373858695048,0.011518512462547245,4.921388341800095,0.49766666666666665,0.515
3,24,dir,raw,logit,16979,3000,0.5116549338849409,0.4993750597760206,0.010986016506775026,19.1564147491662,0.5113333333333333,0.515
3,24,dir,raw,hgb,16979,3000,0.5029239649017448,0.5053135822240017,0.007947306406847422,-3.1669681942192245,0.5003333333333333,0.515
3,24,dir,kpi,logit,16979,3000,0.5172690977435247,0.4969212179850754,0.01115977485817698,18.176275914902757,0.5156666666666667,0.515
3,24,dir,kpi,hgb,16979,3000,0.5119914589797484,0.5069144229806826,0.012322901840425268,10.534757328396564,0.5116666666666667,0.515
3,24,dir,pca,logit,16979,3000,0.5045300770693624,0.5024498270665823,0.013712035467627356,10.029650038369397,0.5143333333333333,0.515
3,24,dir,pca,hgb,16979,3000,0.48909485203349684,0.49908973631824194,0.008044535839774438,0.4844039618148396,0.506,0.515
3,24,dir,ae,logit,16979,3000,0.5091033040847874,0.4987450149579066,0.010834905301802584,7.640790927715983,0.5113333333333333,0.515
3,24,dir,ae,hgb,16979,3000,0.4973206997408779,0.4968041125902201,0.010057337322004107,3.824109519775709,0.498,0.515
3,24,dir,rconv+kpi,logit,16979,3000,0.48248112189859765,0.4998997653443655,0.009095606923132604,-15.169108823485196,0.496,0.515
3,24,dir,rconv+kpi,hgb,16979,3000,0.4948978525117049,0.5032005249168696,0.013010473233877337,9.369400814544303,0.5086666666666667,0.515
3,24,vol,rconv,logit,16979,3000,0.5319190760256909,,,,,
3,24,vol,rconv,hgb,16979,3000,0.5352438822718157,,,,,
3,24,vol,raw,logit,16979,3000,0.8070284059428405,,,,,
3,24,vol,raw,hgb,16979,3000,0.8015620215214231,,,,,
3,24,vol,kpi,logit,16979,3000,0.8061266653561786,,,,,
3,24,vol,kpi,hgb,16979,3000,0.7993977103901643,,,,,
3,24,vol,pca,logit,16979,3000,0.49552339065158446,,,,,
3,24,vol,pca,hgb,16979,3000,0.5193789534727711,,,,,
3,24,vol,ae,logit,16979,3000,0.49420666218247966,,,,,
3,24,vol,ae,hgb,16979,3000,0.5131452203514336,,,,,
3,24,vol,rconv+kpi,logit,16979,3000,0.7943064197421905,,,,,
3,24,vol,rconv+kpi,hgb,16979,3000,0.7993041041008915,,,,,
