asset,n,pos,auc_cnn,auc_vol
AAPL.USUSD,148,68,0.5643382352941176,0.5211397058823529
ALV.DEEUR,196,108,0.4744318181818182,0.5528198653198654
ASML.NLEUR,195,100,0.4561052631578947,0.5248421052631579
BTCEUR,323,161,0.48861283643892334,0.44900697799248523
CAT.USUSD,148,82,0.4495565410199557,0.43939393939393945
COPPER.CMDUSD,500,273,0.49703893756757195,0.5553565377353924
ENEL.ITEUR,195,96,0.46138468013468015,0.4459175084175084
ENI.ITEUR,194,110,0.5282467532467532,0.48376623376623384
ESP.IDXEUR,262,156,0.47387518142235124,0.5278785679729077
ETHEUR,314,176,0.4407938076416338,0.5193511198945981
EURUSD,377,204,0.4488835996826476,0.5077921341947182
EUS.IDXEUR,305,154,0.5193085060634729,0.5306183882342823
E_Brent,454,234,0.4947552447552448,0.552020202020202
E_DAAX,499,255,0.5118450658952105,0.5428318868531019
E_SandP-500,496,240,0.5604492187500001,0.4801106770833333
FP.FREUR,197,111,0.45600251414204906,0.4792583280955374
FRA.IDXEUR,306,146,0.48660102739726024,0.5111301369863014
GBPUSD,410,220,0.4925119617224881,0.4671052631578947
GBR.IDXEUR,187,88,0.5300734618916437,0.5376492194674013
HSBA.GBGBX,192,110,0.4636363636363636,0.4837028824833703
IBE.ESEUR,197,106,0.49564586357039186,0.477710968277006
ISP.ITEUR,195,97,0.5594361455922575,0.5275615400799495
ITA.IDXEUR,245,131,0.4943752511048614,0.5514262756126959
JPM.USUSD,149,69,0.5130434782608695,0.6164855072463767
KO.USUSD,150,67,0.5241862974285201,0.5053048012947312
MC.FREUR,196,97,0.4261168384879725,0.48932625221285014
NVDA.USUSD,146,85,0.5087753134040501,0.4437801350048216
PG.USUSD,150,72,0.5274216524216524,0.4700854700854701
RDSB.GBGBX,192,102,0.529520697167756,0.5544662309368192
SAN.ESEUR,196,115,0.4949006977992486,0.5758454106280193
SAP.DEEUR,194,99,0.5128123338649655,0.48048910154173313
SIE.DEEUR,194,96,0.4952168367346939,0.44270833333333337
UCG.ITEUR,196,98,0.5500832986255726,0.5258225739275302
