timestamp;open;high;low;close;volume;ticker
2023-03-14 00:00:00;1644.0;1660.6;1551.0;1585.8;20.338426;ETHEUR
2023-03-15 00:00:00;1585.8;1608.6;1528.0;1560.8;14.821767;ETHEUR
2023-03-16 00:00:00;1560.8;1593.3;1542.7;1576.3;9.575185;ETHEUR
2023-03-17 00:00:00;1576.3;1658.2;1566.6;1630.9;8.846162;ETHEUR
2023-03-19 00:00:00;1683.1;1696.6;1663.4;1668.5;3.496197;ETHEUR
2023-03-20 00:00:00;1668.6;1692.4;1609.8;1618.4;36.064103;ETHEUR
2023-03-21 00:00:00;1618.4;1702.9;1606.2;1673.8;28.197079;ETHEUR
2023-03-22 00:00:00;1673.8;1686.1;1575.7;1596.4;24.219237;ETHEUR
2023-03-23 00:00:00;1596.3;1701.9;1588.3;1673.5;10.03179;ETHEUR
2023-03-24 00:00:00;1673.5;1679.2;1602.7;1623.1;12.401974;ETHEUR
2023-03-26 00:00:00;1631.1;1652.4;1629.6;1644.4;0.628842;ETHEUR
2023-03-27 00:00:00;1644.2;1652.0;1562.8;1584.8;16.89093;ETHEUR
2023-03-28 00:00:00;1584.7;1650.9;1571.2;1632.6;7.816749;ETHEUR
2023-03-29 00:00:00;1632.5;1682.5;1631.7;1650.5;7.638244;ETHEUR
2023-03-30 00:00:00;1650.5;1685.1;1615.9;1641.6;27.80002;ETHEUR
2023-03-31 00:00:00;1641.7;1692.7;1632.8;1672.3;8.408688;ETHEUR
2023-04-02 00:00:00;1645.9;1659.3;1638.6;1658.2;0.481679;ETHEUR
2023-04-03 00:00:00;1658.3;1684.9;1618.6;1656.9;11.013552;ETHEUR
2023-04-04 00:00:00;1656.9;1731.5;1650.3;1704.6;10.527938;ETHEUR
2023-04-05 00:00:00;1704.2;1769.1;1697.4;1747.5;27.36519;ETHEUR
2023-04-06 00:00:00;1747.5;1748.3;1698.9;1712.0;8.331365;ETHEUR
2023-04-07 00:00:00;1712.0;1721.7;1686.1;1695.5;4.371431;ETHEUR
2023-04-11 00:00:00;1761.8;1765.0;1724.7;1735.0;4.660919;ETHEUR
2023-04-14 00:00:00;1909.2;1925.7;1859.1;1913.3;8.950647;ETHEUR
2023-04-16 00:00:00;1928.1;1937.0;1918.3;1927.0;1.157214;ETHEUR
2023-04-17 00:00:00;1926.9;1928.4;1877.9;1896.6;10.273075;ETHEUR
2023-04-18 00:00:00;1896.6;1932.6;1877.3;1914.3;11.160038;ETHEUR
2023-04-19 00:00:00;1914.3;1915.1;1754.9;1764.4;18.935782;ETHEUR
2023-04-20 00:00:00;1764.1;1801.3;1745.8;1768.2;19.022986;ETHEUR
2023-04-21 00:00:00;1768.3;1780.7;1659.3;1668.5;16.058907;ETHEUR
2023-04-23 00:00:00;1678.5;1695.7;1677.7;1690.8;0.493368;ETHEUR
2023-04-24 00:00:00;1690.9;1715.7;1635.7;1662.8;9.599862;ETHEUR
2023-04-25 00:00:00;1662.8;1707.1;1634.6;1696.7;9.941706;ETHEUR
2023-04-26 00:00:00;1696.7;1775.0;1616.2;1686.9;19.292938;ETHEUR
2023-04-27 00:00:00;1687.0;1754.5;1682.4;1727.1;19.66666;ETHEUR
2023-04-28 00:00:00;1727.1;1746.0;1696.5;1717.9;48.156443;ETHEUR
2023-04-30 00:00:00;1710.7;1719.1;1693.8;1695.0;0.774976;ETHEUR
2023-05-01 00:00:00;1695.5;1711.2;1644.2;1666.1;28.391026;ETHEUR
2023-05-02 00:00:00;1666.2;1706.9;1657.3;1695.8;28.48441;ETHEUR
2023-05-03 00:00:00;1695.7;1727.2;1665.9;1718.4;12.291864;ETHEUR
2023-05-04 00:00:00;1718.3;1731.9;1692.4;1700.6;6.874658;ETHEUR
2023-05-05 00:00:00;1700.6;1810.8;1699.2;1802.7;23.631503;ETHEUR
2023-05-07 00:00:00;1738.4;1742.6;1695.9;1697.2;1.187508;ETHEUR
2023-05-08 00:00:00;1697.2;1708.4;1643.5;1678.2;17.94841;ETHEUR
2023-05-09 00:00:00;1678.2;1695.3;1662.5;1682.0;7.114234;ETHEUR
2023-05-10 00:00:00;1682.0;1713.1;1630.6;1674.1;26.065186;ETHEUR
2023-05-11 00:00:00;1674.1;1677.7;1621.0;1641.8;62.718065;ETHEUR
2023-05-12 00:00:00;1641.7;1649.6;1589.2;1644.7;25.549518;ETHEUR
2023-05-14 00:00:00;1652.9;1658.0;1649.0;1655.4;0.297504;ETHEUR
2023-05-15 00:00:00;1655.4;1695.2;1643.2;1667.4;17.982769;ETHEUR
2023-05-16 00:00:00;1667.4;1683.1;1649.2;1676.2;22.98602;ETHEUR
2023-05-17 00:00:00;1676.1;1690.2;1645.5;1678.3;15.877101;ETHEUR
2023-05-18 00:00:00;1678.3;1690.4;1642.9;1668.2;4.470618;ETHEUR
2023-05-19 00:00:00;1668.1;1687.0;1662.1;1673.5;3.769939;ETHEUR
2023-05-21 00:00:00;1667.1;1667.8;1660.1;1664.7;3.469898;ETHEUR
2023-05-22 00:00:00;1664.6;1687.6;1652.2;1677.9;45.03082;ETHEUR
2023-05-23 00:00:00;1677.9;1728.9;1676.0;1719.1;25.178998;ETHEUR
2023-05-24 00:00:00;1719.2;1719.3;1648.3;1671.0;4.34565;ETHEUR
2023-05-25 00:00:00;1671.0;1692.4;1637.5;1681.4;3.799548;ETHEUR
2023-05-26 00:00:00;1681.5;1714.3;1672.9;1708.1;1.874477;ETHEUR
2023-05-28 00:00:00;1726.0;1786.9;1725.6;1777.8;2.068889;ETHEUR
2023-05-29 00:00:00;1777.8;1795.7;1746.8;1765.7;4.707085;ETHEUR
2023-05-30 00:00:00;1765.7;1783.5;1753.7;1769.1;2.578133;ETHEUR
2023-05-31 00:00:00;1769.0;1777.2;1731.5;1749.9;5.151706;ETHEUR
2023-06-01 00:00:00;1750.0;1763.8;1719.7;1727.9;6.297661;ETHEUR
2023-06-02 00:00:00;1727.8;1781.7;1715.9;1776.0;8.105321;ETHEUR
2023-06-04 00:00:00;1774.2;1783.5;1759.8;1764.2;3.564005;ETHEUR
2023-06-05 00:00:00;1764.2;1765.8;1657.8;1688.3;10.74664;ETHEUR
2023-06-06 00:00:00;1688.4;1772.1;1680.4;1759.0;4.50467;ETHEUR
2023-06-07 00:00:00;1759.0;1769.7;1700.1;1709.1;6.850978;ETHEUR
2023-06-08 00:00:00;1709.1;1724.4;1704.7;1709.9;3.441992;ETHEUR
2023-06-09 00:00:00;1709.8;1720.3;1693.8;1706.0;3.422024;ETHEUR
2023-06-11 00:00:00;1641.8;1645.5;1619.5;1628.2;1.701594;ETHEUR
2023-06-12 00:00:00;1628.1;1631.1;1599.4;1616.4;12.028364;ETHEUR
2023-06-13 00:00:00;1616.5;1629.6;1595.3;1609.8;29.408921;ETHEUR
2023-06-14 00:00:00;1609.7;1616.7;1503.2;1520.2;9.362423;ETHEUR
2023-06-15 00:00:00;1520.1;1530.9;1489.0;1518.8;16.891253;ETHEUR
2023-06-16 00:00:00;1518.8;1576.1;1508.6;1574.8;8.379365;ETHEUR
2023-06-18 00:00:00;1577.6;1578.9;1563.6;1570.1;1.515293;ETHEUR
2023-06-19 00:00:00;1570.2;1600.3;1555.9;1587.2;6.371092;ETHEUR
2023-06-20 00:00:00;1587.2;1642.4;1569.8;1639.3;6.861639;ETHEUR
2023-06-21 00:00:00;1639.3;1730.1;1635.1;1716.5;15.397098;ETHEUR
2023-06-22 00:00:00;1716.4;1755.8;1700.4;1706.5;27.318521;ETHEUR
2023-06-23 00:00:00;1706.2;1776.3;1701.8;1747.3;9.441082;ETHEUR
2023-06-25 00:00:00;1733.3;1745.1;1732.7;1738.6;3.023182;ETHEUR
2023-06-26 00:00:00;1738.5;1746.3;1681.9;1701.4;27.38436;ETHEUR
2023-06-27 00:00:00;1701.3;1742.1;1697.6;1721.9;9.511428;ETHEUR
2023-06-28 00:00:00;1721.9;1722.5;1662.9;1671.5;14.686035;ETHEUR
2023-06-29 00:00:00;1671.4;1725.5;1671.2;1701.5;40.027767;ETHEUR
2023-06-30 00:00:00;1701.5;1780.8;1670.7;1762.2;43.852094;ETHEUR
2023-07-02 00:00:00;1755.4;1792.6;1753.2;1773.3;3.592208;ETHEUR
2023-07-03 00:00:00;1773.2;1812.4;1770.7;1789.2;28.357991;ETHEUR
2023-07-04 00:00:00;1789.3;1801.5;1772.3;1776.4;6.565649;ETHEUR
2023-07-05 00:00:00;1776.4;1783.0;1736.6;1757.6;23.182195;ETHEUR
2023-07-06 00:00:00;1757.6;1798.6;1692.7;1692.8;31.589008;ETHEUR
2023-07-07 00:00:00;1692.8;1718.2;1674.4;1697.8;34.972191;ETHEUR
2023-07-09 00:00:00;1703.6;1704.1;1689.6;1696.2;1.052241;ETHEUR
2023-07-10 00:00:00;1696.2;1729.7;1682.8;1706.1;6.432788;ETHEUR
2023-07-11 00:00:00;1706.2;1713.0;1691.5;1702.8;4.878096;ETHEUR
2023-07-12 00:00:00;1702.9;1716.5;1672.5;1677.3;11.329309;ETHEUR
2023-07-13 00:00:00;1677.2;1792.6;1669.4;1784.5;52.572905;ETHEUR
2023-07-14 00:00:00;1784.5;1805.1;1689.1;1702.6;14.366788;ETHEUR
2023-07-16 00:00:00;1712.4;1723.5;1705.3;1710.2;3.727279;ETHEUR
2023-07-17 00:00:00;1710.1;1722.3;1664.8;1698.4;24.784562;ETHEUR
2023-07-18 00:00:00;1698.5;1702.9;1671.5;1687.3;6.739651;ETHEUR
2023-07-19 00:00:00;1687.4;1710.4;1677.8;1682.9;5.833545;ETHEUR
2023-07-20 00:00:00;1683.0;1717.5;1677.7;1696.1;6.664931;ETHEUR
2023-07-21 00:00:00;1696.2;1709.7;1691.4;1699.6;3.183892;ETHEUR
2023-07-23 00:00:00;1698.1;1698.6;1682.6;1695.0;0.331532;ETHEUR
2023-07-24 00:00:00;1694.9;1695.8;1652.2;1668.7;19.171585;ETHEUR
2023-07-25 00:00:00;1668.6;1688.7;1662.5;1677.9;16.128381;ETHEUR
2023-07-26 00:00:00;1677.8;1699.4;1666.2;1686.5;14.188355;ETHEUR
2023-07-27 00:00:00;1686.6;1702.6;1676.7;1691.8;12.923897;ETHEUR
2023-07-28 00:00:00;1691.7;1702.8;1687.2;1699.2;29.791624;ETHEUR
2023-07-30 00:00:00;1686.7;1688.0;1678.7;1685.4;2.008995;ETHEUR
2023-07-31 00:00:00;1685.4;1699.5;1680.1;1684.4;15.409527;ETHEUR
2023-08-01 00:00:00;1684.4;1699.5;1651.2;1698.0;15.660134;ETHEUR
2023-08-02 00:00:00;1698.0;1705.0;1659.8;1677.4;3.085384;ETHEUR
2023-08-03 00:00:00;1677.4;1692.4;1667.5;1671.8;3.354728;ETHEUR
2023-08-04 00:00:00;1671.8;1677.2;1646.2;1650.3;2.348843;ETHEUR
2023-08-06 00:00:00;1660.1;1662.0;1654.8;1658.1;0.033716;ETHEUR
2023-08-07 00:00:00;1658.0;1673.0;1634.2;1656.9;3.104718;ETHEUR
2023-08-08 00:00:00;1656.8;1708.7;1656.3;1689.9;9.304742;ETHEUR
2023-08-09 00:00:00;1690.0;1699.7;1677.5;1685.8;7.360551;ETHEUR
2023-08-10 00:00:00;1685.7;1689.1;1672.0;1681.9;5.020557;ETHEUR
2023-08-11 00:00:00;1681.9;1689.4;1674.0;1680.8;1.527001;ETHEUR
2023-08-13 00:00:00;1687.2;1689.5;1672.5;1677.9;0.647969;ETHEUR
2023-08-14 00:00:00;1677.9;1695.7;1674.3;1687.2;10.749422;ETHEUR
2023-08-15 00:00:00;1687.2;1689.4;1660.2;1672.3;0.909934;ETHEUR
2023-08-16 00:00:00;1672.4;1674.1;1649.1;1657.2;3.814974;ETHEUR
2023-08-17 00:00:00;1657.3;1662.2;1423.4;1543.0;7.53907;ETHEUR
2023-08-18 00:00:00;1542.9;1559.2;1507.1;1520.2;6.71377;ETHEUR
2023-08-20 00:00:00;1549.3;1549.3;1542.3;1546.4;0.135618;ETHEUR
2023-08-21 00:00:00;1546.4;1547.4;1513.1;1526.8;0.887027;ETHEUR
2023-08-22 00:00:00;1526.8;1529.7;1455.8;1503.4;2.290793;ETHEUR
2023-08-23 00:00:00;1503.5;1561.7;1497.6;1542.1;4.396236;ETHEUR
2023-08-24 00:00:00;1542.0;1545.8;1510.9;1534.3;4.041708;ETHEUR
2023-08-25 00:00:00;1534.3;1542.3;1511.6;1524.5;2.270523;ETHEUR
2023-08-27 00:00:00;1527.4;1532.8;1524.7;1531.9;0.428895;ETHEUR
2023-08-28 00:00:00;1531.9;1534.4;1500.9;1522.8;3.146888;ETHEUR
2023-08-29 00:00:00;1522.7;1604.9;1513.0;1587.7;5.289001;ETHEUR
2023-08-30 00:00:00;1587.6;1589.0;1549.6;1557.0;5.255684;ETHEUR
2023-08-31 00:00:00;1556.9;1584.0;1501.1;1514.3;3.354264;ETHEUR
2023-09-01 00:00:00;1514.3;1522.9;1481.9;1506.7;6.54277;ETHEUR
2023-09-03 00:00:00;1519.5;1522.9;1512.3;1514.5;1.038987;ETHEUR
2023-09-04 00:00:00;1514.6;1521.4;1493.9;1506.6;6.272891;ETHEUR
2023-09-05 00:00:00;1506.5;1533.8;1488.7;1520.0;4.646906;ETHEUR
2023-09-06 00:00:00;1519.9;1551.4;1499.0;1518.6;5.429659;ETHEUR
2023-09-07 00:00:00;1518.7;1546.6;1513.8;1537.1;3.169676;ETHEUR
2023-09-08 00:00:00;1537.1;1544.3;1513.0;1525.8;2.576823;ETHEUR
2023-09-10 00:00:00;1513.0;1515.4;1504.8;1505.1;0.060643;ETHEUR
2023-09-11 00:00:00;1505.0;1507.4;1422.4;1440.0;5.158517;ETHEUR
2023-09-12 00:00:00;1440.1;1510.8;1438.2;1478.1;5.929488;ETHEUR
2023-09-13 00:00:00;1477.8;1502.7;1468.1;1494.8;2.458324;ETHEUR
2023-09-14 00:00:00;1493.9;1541.7;1493.8;1526.4;4.947195;ETHEUR
2023-09-15 00:00:00;1526.3;1533.7;1506.6;1517.9;1.554236;ETHEUR
2023-09-17 00:00:00;1511.0;1518.5;1508.2;1517.8;0.301439;ETHEUR
2023-09-18 00:00:00;1517.8;1562.3;1503.8;1527.7;3.246296;ETHEUR
2023-09-19 00:00:00;1527.6;1551.0;1518.7;1535.2;3.60924;ETHEUR
2023-09-20 00:00:00;1535.2;1539.9;1501.2;1519.8;3.919196;ETHEUR
2023-09-21 00:00:00;1519.8;1525.5;1468.8;1482.2;5.171613;ETHEUR
2023-09-22 00:00:00;1482.3;1501.9;1476.7;1491.0;4.162472;ETHEUR
2023-09-24 00:00:00;1487.4;1489.9;1472.1;1481.2;1.178877;ETHEUR
2023-09-25 00:00:00;1481.3;1503.9;1465.0;1495.8;5.366552;ETHEUR
2023-09-26 00:00:00;1495.7;1505.3;1489.6;1504.0;4.561275;ETHEUR
2023-09-27 00:00:00;1504.0;1545.6;1500.4;1517.2;6.378863;ETHEUR
2023-09-28 00:00:00;1517.2;1574.7;1516.1;1561.4;7.832098;ETHEUR
2023-09-29 00:00:00;1561.3;1589.0;1554.9;1573.0;5.400528;ETHEUR
2023-10-01 00:00:00;1578.7;1655.8;1578.7;1637.2;4.228556;ETHEUR
2023-10-02 00:00:00;1637.2;1646.9;1559.4;1583.3;14.073332;ETHEUR
2023-10-03 00:00:00;1583.3;1592.7;1566.3;1579.2;6.305809;ETHEUR
2023-10-04 00:00:00;1579.2;1580.3;1547.6;1563.5;11.264203;ETHEUR
2023-10-05 00:00:00;1563.6;1570.2;1523.0;1524.8;5.919563;ETHEUR
2023-10-06 00:00:00;1524.7;1564.6;1524.7;1549.5;6.552093;ETHEUR
2023-10-07 00:00:00;1549.6;1552.2;1536.5;1539.9;4.57805;ETHEUR
2023-10-08 00:00:00;1539.6;1549.0;1523.8;1542.5;2.366574;ETHEUR
2023-10-09 00:00:00;1542.5;1547.0;1467.6;1490.2;7.694099;ETHEUR
2023-10-10 00:00:00;1490.2;1506.2;1459.8;1474.9;11.153435;ETHEUR
2023-10-11 00:00:00;1474.8;1485.3;1454.7;1471.2;4.810674;ETHEUR
2023-10-12 00:00:00;1471.2;1472.9;1439.9;1457.5;7.10039;ETHEUR
2023-10-13 00:00:00;1457.5;1493.2;1454.6;1471.8;6.638359;ETHEUR
2023-10-14 00:00:00;1471.7;1481.5;1465.5;1475.5;19.4935;ETHEUR
2023-10-15 00:00:00;1475.5;1486.2;1470.5;1477.2;18.487322;ETHEUR
2023-10-16 00:00:00;1477.3;1553.6;1475.1;1513.0;19.582696;ETHEUR
2023-10-17 00:00:00;1512.6;1513.5;1465.8;1477.0;10.146808;ETHEUR
2023-10-18 00:00:00;1476.9;1499.0;1473.4;1480.4;12.865771;ETHEUR
2023-10-19 00:00:00;1480.3;1484.2;1460.2;1477.2;9.630342;ETHEUR
2023-10-20 00:00:00;1477.4;1537.0;1474.1;1509.9;12.137344;ETHEUR
2023-10-21 00:00:00;1509.8;1547.7;1498.8;1534.0;13.8515;ETHEUR
2023-10-22 00:00:00;1534.1;1571.2;1527.3;1567.7;23.731181;ETHEUR
2023-10-23 00:00:00;1567.7;1679.6;1562.3;1651.7;25.918588;ETHEUR
2023-10-24 00:00:00;1651.7;1742.1;1644.4;1681.0;31.91463;ETHEUR
2023-10-25 00:00:00;1681.0;1712.4;1659.0;1688.5;14.140042;ETHEUR
2023-10-26 00:00:00;1688.2;1764.8;1671.1;1704.5;9.201358;ETHEUR
2023-10-27 00:00:00;1704.0;1704.8;1649.0;1680.0;8.828098;ETHEUR
2023-10-28 00:00:00;1680.2;1702.7;1673.4;1678.1;22.3593;ETHEUR
2023-10-29 00:00:00;1677.9;1712.1;1665.5;1696.9;16.863548;ETHEUR
2023-10-30 00:00:00;1697.0;1723.8;1675.5;1701.6;6.491774;ETHEUR
2023-10-31 00:00:00;1701.6;1716.5;1676.5;1712.2;5.771225;ETHEUR
2023-11-01 00:00:00;1712.3;1754.2;1687.8;1742.1;6.106376;ETHEUR
2023-11-02 00:00:00;1742.0;1765.5;1679.0;1693.3;10.691405;ETHEUR
2023-11-03 00:00:00;1693.4;1705.6;1669.7;1703.9;11.050271;ETHEUR
2023-11-04 00:00:00;1703.8;1739.0;1695.8;1726.7;15.97215;ETHEUR
2023-11-05 00:00:00;1726.6;1778.6;1718.1;1761.5;30.110736;ETHEUR
2023-11-06 00:00:00;1760.6;1780.3;1739.2;1770.9;10.483658;ETHEUR
2023-11-07 00:00:00;1770.8;1780.6;1729.7;1760.8;11.844181;ETHEUR
2023-11-08 00:00:00;1760.8;1775.4;1750.3;1760.5;7.606252;ETHEUR
2023-11-09 00:00:00;1760.1;1995.0;1755.9;1986.1;17.208574;ETHEUR
2023-11-10 00:00:00;1985.7;1998.8;1931.1;1954.4;15.480782;ETHEUR
2023-11-12 00:00:00;1922.7;1927.8;1898.6;1910.1;0.755533;ETHEUR
2023-11-13 00:00:00;1910.1;1977.3;1896.1;1916.8;17.054789;ETHEUR
2023-11-14 00:00:00;1916.8;1927.0;1778.8;1816.7;19.462577;ETHEUR
2023-11-15 00:00:00;1816.7;1899.4;1805.1;1894.6;10.578566;ETHEUR
2023-11-16 00:00:00;1894.3;1924.0;1783.4;1804.5;15.853524;ETHEUR
2023-11-17 00:00:00;1803.9;1831.7;1750.2;1779.3;7.258471;ETHEUR
2023-11-19 00:00:00;1813.5;1845.7;1808.6;1842.5;1.217779;ETHEUR
2023-11-20 00:00:00;1842.4;1887.3;1823.3;1844.4;13.867385;ETHEUR
2023-11-21 00:00:00;1844.6;1855.3;1768.2;1769.2;8.386631;ETHEUR
2023-11-22 00:00:00;1769.2;1918.5;1765.4;1892.2;13.888407;ETHEUR
2023-11-23 00:00:00;1892.3;1909.4;1867.2;1888.1;15.343134;ETHEUR
2023-11-24 00:00:00;1888.1;1947.8;1885.9;1904.0;6.840161;ETHEUR
2023-11-26 00:00:00;1891.3;1898.6;1880.1;1882.2;0.374492;ETHEUR
2023-11-27 00:00:00;1882.1;1892.3;1809.9;1846.8;6.29117;ETHEUR
2023-11-28 00:00:00;1846.8;1885.1;1819.0;1858.6;7.450592;ETHEUR
2023-11-29 00:00:00;1858.5;1887.2;1837.7;1845.7;5.102019;ETHEUR
2023-11-30 00:00:00;1845.8;1883.2;1838.8;1881.1;8.291602;ETHEUR
2023-12-01 00:00:00;1881.4;1937.0;1873.7;1913.8;8.91112;ETHEUR
2023-12-02 00:00:00;1913.6;2006.7;1912.6;1985.8;32.26677;ETHEUR
2023-12-03 00:00:00;1985.8;2032.1;1971.7;2011.7;17.372177;ETHEUR
2023-12-04 00:00:00;2011.6;2089.3;2011.3;2066.1;21.217115;ETHEUR
2023-12-05 00:00:00;2066.5;2137.9;2020.8;2122.0;15.580293;ETHEUR
2023-12-06 00:00:00;2122.2;2138.5;2059.6;2070.6;18.054862;ETHEUR
2023-12-07 00:00:00;2070.6;2205.6;2060.1;2180.6;13.440696;ETHEUR
2023-12-08 00:00:00;2180.5;2212.5;2173.7;2185.8;15.038184;ETHEUR
2023-12-09 00:00:00;2186.2;2193.8;2178.3;2187.7;0.95597;ETHEUR
2023-12-10 00:00:00;2188.9;2197.5;2174.9;2181.0;0.26775;ETHEUR
2023-12-11 00:00:00;2180.9;2183.9;1989.7;2063.0;28.661834;ETHEUR
2023-12-12 00:00:00;2062.7;2079.6;2003.3;2036.6;37.646661;ETHEUR
2023-12-13 00:00:00;2036.3;2095.7;1986.6;2074.1;33.401645;ETHEUR
2023-12-14 00:00:00;2074.1;2118.2;2041.0;2103.6;34.527714;ETHEUR
2023-12-15 00:00:00;2103.6;2106.7;2014.5;2033.3;28.297805;ETHEUR
2023-12-16 00:00:00;2033.6;2071.5;2023.8;2047.7;18.67857;ETHEUR
2023-12-17 00:00:00;2047.9;2050.3;2009.1;2012.0;0.563617;ETHEUR
2023-12-18 00:00:00;2011.9;2032.7;1936.4;2028.4;14.881778;ETHEUR
2023-12-19 00:00:00;2028.3;2058.6;1942.5;1980.0;21.567801;ETHEUR
2023-12-20 00:00:00;1979.9;2062.2;1969.7;2008.8;33.022882;ETHEUR
2023-12-21 00:00:00;2008.3;2072.2;1990.6;2033.1;15.258058;ETHEUR
2023-12-22 00:00:00;2031.9;2122.9;2024.3;2107.8;21.366446;ETHEUR
2023-12-23 00:00:00;2108.2;2113.2;2054.2;2093.1;9.79556;ETHEUR
2023-12-24 00:00:00;2092.9;2108.7;2033.7;2051.6;14.40835;ETHEUR
2023-12-25 00:00:00;2054.0;2071.2;2048.4;2059.2;2.423342;ETHEUR
2023-12-26 00:00:00;2058.6;2061.1;1973.1;2017.0;11.335463;ETHEUR
2023-12-27 00:00:00;2017.4;2151.5;2001.8;2141.4;21.011648;ETHEUR
2023-12-28 00:00:00;2139.5;2197.8;2109.1;2116.1;28.983003;ETHEUR
2023-12-29 00:00:00;2116.1;2155.6;2039.4;2078.2;36.243403;ETHEUR
2023-12-30 00:00:00;2078.2;2100.0;2051.5;2072.5;10.66472;ETHEUR
2023-12-31 00:00:00;2072.9;2097.5;2059.8;2081.3;6.92046;ETHEUR
2024-01-01 00:00:00;2117.5;2128.0;2100.6;2127.9;2.435505;ETHEUR
2024-01-02 00:00:00;2127.8;2202.1;2123.9;2150.0;15.154258;ETHEUR
2024-01-03 00:00:00;2149.6;2176.4;1923.7;2019.4;44.932171;ETHEUR
2024-01-04 00:00:00;2019.4;2095.0;2009.7;2069.7;56.275781;ETHEUR
2024-01-05 00:00:00;2069.8;2078.1;2013.3;2069.8;63.272991;ETHEUR
2024-01-06 00:00:00;2070.3;2071.0;2021.7;2033.2;2.26852;ETHEUR
2024-01-07 00:00:00;2039.1;2039.5;2015.7;2028.0;2.639961;ETHEUR
2024-01-08 00:00:00;2028.1;2150.5;1978.5;2126.5;60.788642;ETHEUR
2024-01-09 00:00:00;2126.5;2166.6;2042.8;2141.6;68.937055;ETHEUR
2024-01-10 00:00:00;2141.6;2403.0;2137.5;2351.9;150.609095;ETHEUR
2024-01-11 00:00:00;2352.3;2457.0;2334.9;2381.2;150.831362;ETHEUR
2024-01-12 00:00:00;2381.1;2471.5;2237.7;2298.0;156.575878;ETHEUR
2024-01-13 00:00:00;2298.0;2361.7;2274.9;2350.8;71.21564;ETHEUR
2024-01-14 00:00:00;2350.2;2351.5;2251.8;2254.5;69.114851;ETHEUR
2024-01-15 00:00:00;2254.4;2327.7;2252.8;2290.8;116.25474;ETHEUR
2024-01-16 00:00:00;2290.8;2400.7;2286.5;2374.8;130.749975;ETHEUR
2024-01-17 00:00:00;2374.7;2380.7;2299.1;2319.3;128.937186;ETHEUR
2024-01-18 00:00:00;2319.3;2338.0;2228.5;2266.3;130.695603;ETHEUR
2024-01-19 00:00:00;2266.4;2295.0;2215.0;2280.4;100.02931;ETHEUR
2024-01-20 00:00:00;2280.3;2280.3;2245.7;2265.2;19.2595;ETHEUR
2024-01-21 00:00:00;2265.2;2274.5;2248.8;2251.4;10.588758;ETHEUR
2024-01-22 00:00:00;2251.5;2258.7;2113.4;2123.5;67.353814;ETHEUR
2024-01-23 00:00:00;2123.4;2154.5;1990.4;2061.7;77.492082;ETHEUR
2024-01-24 00:00:00;2062.4;2074.4;2015.2;2050.8;65.158844;ETHEUR
2024-01-25 00:00:00;2051.1;2056.0;2000.9;2041.6;62.385545;ETHEUR
2024-01-26 00:00:00;2041.7;2097.9;2026.7;2083.9;59.679343;ETHEUR
2024-01-27 00:00:00;2084.7;2097.9;2070.7;2086.3;13.39452;ETHEUR
2024-01-28 00:00:00;2086.3;2123.2;2061.8;2078.7;30.823172;ETHEUR
2024-01-29 00:00:00;2078.7;2141.1;2065.0;2136.3;49.54053;ETHEUR
2024-01-30 00:00:00;2136.4;2202.2;2116.3;2158.1;54.325856;ETHEUR
2024-01-31 00:00:00;2158.1;2165.9;2090.6;2110.3;73.786363;ETHEUR
2024-02-01 00:00:00;2110.3;2129.5;2069.6;2115.9;58.047429;ETHEUR
2024-02-02 00:00:00;2115.8;2148.4;2107.8;2134.8;46.553428;ETHEUR
2024-02-03 00:00:00;2134.8;2153.7;2120.5;2125.5;19.51648;ETHEUR
2024-02-04 00:00:00;2125.5;2138.6;2099.5;2121.2;26.019108;ETHEUR
2024-02-05 00:00:00;2121.1;2172.0;2102.8;2136.9;42.642418;ETHEUR
2024-02-06 00:00:00;2136.4;2220.6;2133.9;2202.8;47.490775;ETHEUR
2024-02-07 00:00:00;2202.8;2266.7;2183.4;2247.7;44.48685;ETHEUR
2024-02-08 00:00:00;2247.8;2285.8;2233.2;2242.3;37.930044;ETHEUR
2024-02-09 00:00:00;2242.2;2338.6;2241.7;2302.2;52.615379;ETHEUR
2024-02-10 00:00:00;2302.1;2330.5;2290.3;2315.5;21.07948;ETHEUR
2024-02-11 00:00:00;2315.6;2349.8;2309.9;2319.0;11.541991;ETHEUR
2024-02-12 00:00:00;2318.9;2471.4;2292.7;2466.4;56.560568;ETHEUR
2024-02-13 00:00:00;2466.5;2490.7;2416.6;2463.6;68.452476;ETHEUR
2024-02-14 00:00:00;2463.0;2595.3;2442.2;2583.9;64.505483;ETHEUR
2024-02-15 00:00:00;2583.9;2657.6;2571.0;2618.6;46.161207;ETHEUR
2024-02-16 00:00:00;2619.3;2653.1;2548.7;2597.2;49.102239;ETHEUR
2024-02-17 00:00:00;2597.3;2599.9;2520.7;2583.0;37.66726;ETHEUR
2024-02-18 00:00:00;2583.1;2682.4;2562.9;2669.2;46.549972;ETHEUR
2024-02-19 00:00:00;2669.0;2764.6;2648.3;2729.9;68.777466;ETHEUR
2024-02-20 00:00:00;2729.5;2803.2;2660.9;2786.6;74.557652;ETHEUR
2024-02-21 00:00:00;2786.6;2788.9;2652.7;2740.5;81.522143;ETHEUR
2024-02-22 00:00:00;2740.6;2802.0;2681.3;2741.1;75.737978;ETHEUR
2024-02-23 00:00:00;2741.0;2764.0;2680.2;2694.7;61.878607;ETHEUR
2024-02-24 00:00:00;2695.0;2773.7;2680.3;2761.4;29.49147;ETHEUR
2024-02-25 00:00:00;2761.5;2876.3;2752.1;2874.2;17.223864;ETHEUR
2024-02-26 00:00:00;2874.3;2944.7;2795.9;2925.6;65.090726;ETHEUR
2024-02-27 00:00:00;2925.6;3026.4;2916.3;2988.6;60.103084;ETHEUR
2024-02-28 00:00:00;2989.0;3213.9;2936.9;3120.9;81.590713;ETHEUR
2024-02-29 00:00:00;3121.0;3248.5;3053.2;3088.5;104.243887;ETHEUR
2024-03-01 00:00:00;3088.5;3187.8;3087.2;3165.2;70.953043;ETHEUR
2024-03-02 00:00:00;3165.7;3189.1;3130.2;3154.0;74.30015;ETHEUR
2024-03-03 00:00:00;3153.8;3217.5;3099.3;3214.4;89.366508;ETHEUR
2024-03-04 00:00:00;3214.4;3352.4;3164.3;3342.2;55.169729;ETHEUR
2024-03-05 00:00:00;3342.2;3517.2;2949.5;3273.6;81.567498;ETHEUR
2024-03-06 00:00:00;3273.6;3583.6;3223.6;3502.5;92.572285;ETHEUR
2024-03-07 00:00:00;3501.9;3594.7;3424.9;3534.2;91.073774;ETHEUR
2024-03-08 00:00:00;3534.2;3648.2;3492.2;3553.1;78.576441;ETHEUR
2024-03-09 00:00:00;3553.3;3606.8;3539.6;3572.4;64.75573;ETHEUR
2024-03-10 00:00:00;3572.6;3625.8;3467.1;3542.9;92.776968;ETHEUR
2024-03-11 00:00:00;3689.8;3739.3;3660.7;3715.9;23.929827;ETHEUR
2024-03-12 00:00:00;3715.9;3740.5;3507.2;3639.5;98.344053;ETHEUR
2024-03-13 00:00:00;3639.5;3733.4;3593.9;3654.5;74.372666;ETHEUR
2024-03-14 00:00:00;3655.3;3660.7;3417.7;3562.7;113.797224;ETHEUR
2024-03-15 00:00:00;3563.0;3611.3;3274.1;3432.4;141.102379;ETHEUR
2024-03-16 00:00:00;3432.6;3467.7;3181.5;3230.8;113.28446;ETHEUR
2024-03-17 00:00:00;3231.2;3375.3;3130.6;3343.7;135.451124;ETHEUR
2024-03-18 00:00:00;3343.7;3344.6;3175.5;3234.5;101.590132;ETHEUR
2024-03-19 00:00:00;3234.4;3257.1;2897.2;2905.5;143.141138;ETHEUR
2024-03-20 00:00:00;2905.5;3229.4;2813.1;3211.2;143.741565;ETHEUR
2024-03-21 00:00:00;3211.5;3289.1;3136.8;3212.2;110.158525;ETHEUR
2024-03-22 00:00:00;3212.1;3265.5;3002.4;3082.9;114.103297;ETHEUR
2024-03-23 00:00:00;3083.4;3174.5;3021.9;3077.4;72.21686;ETHEUR
2024-03-24 00:00:00;3077.5;3208.3;3049.9;3193.7;36.788268;ETHEUR
2024-03-25 00:00:00;3193.6;3373.4;3159.2;3309.9;80.190422;ETHEUR
2024-03-26 00:00:00;3310.2;3388.0;3270.1;3325.4;65.056485;ETHEUR
2024-03-27 00:00:00;3309.3;3385.9;3192.8;3234.9;68.21873;ETHEUR
2024-03-28 00:00:00;3234.9;3340.7;3198.2;3296.9;93.211456;ETHEUR
2024-03-29 00:00:00;3296.9;3321.7;3216.2;3247.7;70.170893;ETHEUR
2024-03-30 00:00:00;3247.7;3300.4;3226.4;3244.8;62.19976;ETHEUR
2024-03-31 00:00:00;3244.9;3382.1;3244.2;3374.4;54.349395;ETHEUR
2024-04-01 00:00:00;3374.4;3374.8;3178.2;3259.8;40.712955;ETHEUR
2024-04-02 00:00:00;3263.3;3263.3;2981.6;3042.0;39.498701;ETHEUR
2024-04-03 00:00:00;3041.9;3112.7;2973.1;3052.2;71.756569;ETHEUR
2024-04-04 00:00:00;3052.0;3168.3;2996.2;3068.3;54.615124;ETHEUR
2024-04-05 00:00:00;3068.3;3084.8;2959.1;3058.1;64.595279;ETHEUR
2024-04-06 00:00:00;3058.2;3084.2;3048.4;3074.4;7.70575;ETHEUR
2024-04-07 00:00:00;3134.5;3190.9;3129.7;3186.2;6.934107;ETHEUR
2024-04-08 00:00:00;3186.3;3431.3;3141.0;3398.1;83.064777;ETHEUR
2024-04-09 00:00:00;3398.2;3428.1;3178.6;3225.3;93.86863;ETHEUR
2024-04-10 00:00:00;3225.2;3310.8;3162.3;3297.6;106.007061;ETHEUR
2024-04-11 00:00:00;3297.6;3365.5;3239.3;3262.7;86.230186;ETHEUR
2024-04-12 00:00:00;3262.8;3322.8;2907.0;3038.7;94.500887;ETHEUR
2024-04-13 00:00:00;3038.3;3097.9;2675.6;2825.0;109.12505;ETHEUR
2024-04-14 00:00:00;2824.8;2979.7;2731.4;2962.0;63.659055;ETHEUR
2024-04-15 00:00:00;2961.8;3073.2;2845.3;2916.6;149.645117;ETHEUR
2024-04-16 00:00:00;2916.6;2944.5;2816.6;2901.3;156.995221;ETHEUR
2024-04-17 00:00:00;2901.7;2936.9;2737.6;2795.0;144.637867;ETHEUR
2024-04-18 00:00:00;2794.9;2900.9;2764.1;2876.9;128.95934;ETHEUR
2024-04-19 00:00:00;2877.0;2935.2;2696.2;2864.6;141.3082;ETHEUR
2024-04-20 00:00:00;2864.6;2971.0;2828.9;2957.7;48.06165;ETHEUR
2024-04-21 00:00:00;2957.6;2996.7;2920.6;2951.6;41.611948;ETHEUR
2024-04-22 00:00:00;2951.7;3031.1;2929.5;3002.3;72.913632;ETHEUR
2024-04-23 00:00:00;3002.1;3046.0;2949.0;3004.9;102.588213;ETHEUR
2024-04-24 00:00:00;3004.9;3078.6;2900.5;2932.1;129.374928;ETHEUR
2024-04-25 00:00:00;2932.0;2972.0;2861.3;2939.4;136.919244;ETHEUR
2024-04-26 00:00:00;2939.3;2957.2;2900.9;2921.8;108.088568;ETHEUR
2024-04-27 00:00:00;2921.8;3067.3;2864.2;3041.0;58.57995;ETHEUR
2024-04-28 00:00:00;3041.0;3136.1;3035.8;3045.0;61.314692;ETHEUR
2024-04-29 00:00:00;3045.2;3066.3;2911.1;2999.6;111.91401;ETHEUR
2024-04-30 00:00:00;2999.5;3031.2;2732.2;2822.0;157.355005;ETHEUR
2024-05-01 00:00:00;2822.1;2832.0;2638.0;2770.5;192.60878;ETHEUR
2024-05-02 00:00:00;2769.8;2812.9;2698.4;2781.8;125.619738;ETHEUR
2024-05-03 00:00:00;2781.8;2903.4;2753.3;2879.2;92.66758;ETHEUR
2024-05-04 00:00:00;2879.3;2940.6;2869.8;2894.2;47.38695;ETHEUR
2024-05-05 00:00:00;2894.2;2943.9;2853.8;2912.8;55.975766;ETHEUR
2024-05-06 00:00:00;2912.9;2987.1;2826.2;2841.7;67.814216;ETHEUR
2024-05-07 00:00:00;2841.6;2906.5;2788.5;2793.1;65.638353;ETHEUR
2024-05-08 00:00:00;2793.2;2825.3;2730.1;2764.6;58.282866;ETHEUR
2024-05-09 00:00:00;2764.2;2833.9;2743.5;2813.2;45.381023;ETHEUR
2024-05-10 00:00:00;2813.1;2829.2;2669.1;2696.1;49.036706;ETHEUR
2024-05-11 00:00:00;2696.0;2728.1;2674.3;2700.1;27.5262;ETHEUR
2024-05-12 00:00:00;2700.0;2739.3;2690.6;2716.9;30.986686;ETHEUR
2024-05-13 00:00:00;2716.9;2775.0;2656.7;2730.9;49.779783;ETHEUR
2024-05-14 00:00:00;2730.9;2741.5;2642.5;2662.3;44.739487;ETHEUR
2024-05-15 00:00:00;2662.7;2790.2;2644.9;2783.0;52.216918;ETHEUR
2024-05-16 00:00:00;2782.7;2790.3;2687.1;2706.9;54.898736;ETHEUR
2024-05-17 00:00:00;2707.0;2867.8;2698.8;2840.9;57.765048;ETHEUR
2024-05-18 00:00:00;2840.8;2891.3;2833.5;2870.0;20.74655;ETHEUR
2024-05-19 00:00:00;2870.2;2882.4;2805.4;2822.0;28.880882;ETHEUR
2024-05-20 00:00:00;2821.9;3397.2;2800.9;3368.5;75.513364;ETHEUR
2024-05-21 00:00:00;3368.6;3533.9;3336.7;3488.7;80.661925;ETHEUR
2024-05-22 00:00:00;3488.9;3509.8;3369.8;3449.3;66.264286;ETHEUR
2024-05-23 00:00:00;3449.3;3634.6;3264.1;3496.1;89.960592;ETHEUR
2024-05-24 00:00:00;3495.8;3539.0;3351.0;3431.3;71.840559;ETHEUR
2024-05-25 00:00:00;3431.4;3478.0;3413.8;3453.7;41.15988;ETHEUR
2024-05-26 00:00:00;3453.7;3549.3;3437.1;3523.6;14.060746;ETHEUR
2024-05-27 00:00:00;3523.5;3659.2;3521.6;3580.7;69.508554;ETHEUR
2024-05-28 00:00:00;3580.6;3609.7;3471.5;3539.5;71.796687;ETHEUR
2024-05-29 00:00:00;3540.0;3580.0;3459.1;3495.9;62.26211;ETHEUR
2024-05-30 00:00:00;3484.0;3524.5;3423.2;3457.0;102.866813;ETHEUR
2024-05-31 00:00:00;3457.1;3539.8;3430.7;3459.3;87.768789;ETHEUR
2024-06-01 00:00:00;3459.9;3528.9;3450.3;3513.7;29.22335;ETHEUR
2024-06-02 00:00:00;3513.4;3533.2;3455.8;3481.4;35.448301;ETHEUR
2024-06-03 00:00:00;3480.9;3545.4;3444.1;3450.5;87.675082;ETHEUR
2024-06-04 00:00:00;3450.9;3518.9;3417.4;3498.7;82.311798;ETHEUR
2024-06-05 00:00:00;3499.6;3571.4;3470.6;3552.0;61.505416;ETHEUR
2024-06-06 00:00:00;3552.1;3557.4;3449.7;3498.2;70.86818;ETHEUR
2024-06-07 00:00:00;3498.1;3537.2;3316.1;3398.2;92.438236;ETHEUR
2024-06-08 00:00:00;3398.2;3411.7;3393.9;3406.1;3.6218;ETHEUR
2024-06-09 00:00:00;3428.2;3449.2;3424.6;3435.3;5.671018;ETHEUR
2024-06-10 00:00:00;3435.3;3451.7;3382.2;3404.0;40.575507;ETHEUR
2024-06-11 00:00:00;3404.0;3408.6;3192.8;3253.1;69.739544;ETHEUR
2024-06-12 00:00:00;3253.1;3374.8;3220.3;3289.8;54.20698;ETHEUR
2024-06-13 00:00:00;3289.7;3291.1;3186.0;3228.3;62.981631;ETHEUR
2024-06-14 00:00:00;3228.4;3296.0;3141.5;3244.9;67.775256;ETHEUR
2024-06-15 00:00:00;3244.8;3349.7;3236.9;3329.3;34.59235;ETHEUR
2024-06-16 00:00:00;3329.2;3406.8;3304.3;3383.3;30.85663;ETHEUR
2024-06-17 00:00:00;3383.4;3395.6;3230.4;3266.6;76.846408;ETHEUR
2024-06-18 00:00:00;3266.7;3272.0;3126.0;3241.1;104.100688;ETHEUR
2024-06-19 00:00:00;3241.5;3336.2;3225.2;3310.1;96.1041;ETHEUR
2024-06-20 00:00:00;3310.1;3375.3;3252.6;3278.5;101.56414;ETHEUR
2024-06-21 00:00:00;3278.4;3314.5;3221.3;3284.3;112.96835;ETHEUR
2024-06-22 00:00:00;3284.6;3287.0;3244.0;3265.3;21.40515;ETHEUR
2024-06-23 00:00:00;3265.4;3289.6;3180.5;3196.9;14.213851;ETHEUR
2024-06-24 00:00:00;3196.9;3208.9;3013.1;3120.3;86.686226;ETHEUR
2024-06-25 00:00:00;3120.3;3196.5;3104.5;3166.9;60.716856;ETHEUR
2024-06-26 00:00:00;3166.9;3195.8;3110.0;3153.1;51.338456;ETHEUR
2024-06-27 00:00:00;3153.1;3239.9;3143.5;3217.2;42.456213;ETHEUR
2024-06-28 00:00:00;3217.1;3258.3;3132.8;3143.5;48.494278;ETHEUR
2024-06-29 00:00:00;3143.5;3174.2;3140.8;3146.8;24.97647;ETHEUR
2024-06-30 00:00:00;3146.9;3213.4;3123.9;3196.9;35.631084;ETHEUR
2024-07-01 00:00:00;3196.8;3272.6;3183.9;3202.1;42.19488;ETHEUR
2024-07-02 00:00:00;3202.0;3223.8;3163.6;3178.0;30.500771;ETHEUR
2024-07-03 00:00:00;3178.0;3187.5;3011.4;3048.6;48.208128;ETHEUR
2024-07-04 00:00:00;3048.7;3065.9;2819.3;2826.9;64.638926;ETHEUR
2024-07-05 00:00:00;2826.8;2871.6;2595.5;2746.2;96.67997;ETHEUR
2024-07-06 00:00:00;2746.2;2787.6;2722.2;2752.2;11.72535;ETHEUR
2024-07-07 00:00:00;2771.2;2771.2;2696.2;2704.7;7.398725;ETHEUR
2024-07-08 00:00:00;2704.8;2852.4;2605.5;2784.6;98.695731;ETHEUR
2024-07-09 00:00:00;2784.5;2875.0;2770.9;2832.9;74.246576;ETHEUR
2024-07-10 00:00:00;2832.9;2908.1;2794.3;2859.8;65.599382;ETHEUR
2024-07-11 00:00:00;2859.8;2947.8;2815.9;2847.4;68.114595;ETHEUR
2024-07-12 00:00:00;2847.5;2894.1;2796.0;2869.2;71.625139;ETHEUR
2024-07-13 00:00:00;2869.0;2931.5;2850.1;2907.6;23.97785;ETHEUR
2024-07-14 00:00:00;2907.3;2999.7;2896.3;2977.9;25.996271;ETHEUR
2024-07-15 00:00:00;2977.8;3204.8;2967.0;3195.1;45.463097;ETHEUR
2024-07-16 00:00:00;3194.0;3207.7;3068.2;3157.3;72.48068;ETHEUR
2024-07-17 00:00:00;3157.3;3224.7;3087.5;3093.6;71.899852;ETHEUR
2024-07-18 00:00:00;3093.5;3193.0;3083.8;3140.2;58.82765;ETHEUR
2024-07-19 00:00:00;3140.3;3251.3;3100.0;3215.9;61.371743;ETHEUR
2024-07-20 00:00:00;3216.0;3248.8;3194.1;3228.8;34.07981;ETHEUR
2024-07-21 00:00:00;3228.9;3254.0;3131.8;3241.6;49.369213;ETHEUR
2024-07-22 00:00:00;3241.7;3267.3;3141.5;3156.4;67.109359;ETHEUR
2024-07-23 00:00:00;3156.3;3253.9;3121.0;3207.0;81.677069;ETHEUR
2024-07-24 00:00:00;3207.1;3212.6;3044.1;3075.1;61.970197;ETHEUR
2024-07-25 00:00:00;3075.1;3080.9;2843.9;2923.2;80.194118;ETHEUR
2024-07-26 00:00:00;2923.1;3023.6;2918.3;3011.8;61.150563;ETHEUR
2024-07-27 00:00:00;3011.7;3060.4;2935.0;2990.0;40.65356;ETHEUR
2024-07-28 00:00:00;2989.9;3021.7;2943.9;3010.3;44.023053;ETHEUR
2024-07-29 00:00:00;3010.4;3131.7;3007.6;3064.2;71.333987;ETHEUR
2024-07-30 00:00:00;3063.9;3110.0;2988.9;3029.1;61.417202;ETHEUR
2024-07-31 00:00:00;3029.0;3085.1;2965.0;2983.2;63.484999;ETHEUR
2024-08-01 00:00:00;2983.3;2992.1;2852.4;2965.8;64.291248;ETHEUR
2024-08-02 00:00:00;2966.2;2981.0;2712.5;2732.0;61.57545;ETHEUR
2024-08-03 00:00:00;2732.0;2761.4;2618.0;2657.8;86.77738;ETHEUR
2024-08-04 00:00:00;2657.7;2685.8;2408.0;2461.8;100.263721;ETHEUR
2024-08-05 00:00:00;2461.9;2469.2;1940.5;2207.0;118.543718;ETHEUR
2024-08-06 00:00:00;2206.8;2335.5;2204.0;2250.6;92.698467;ETHEUR
2024-08-07 00:00:00;2250.5;2334.0;2111.5;2141.6;97.026632;ETHEUR
2024-08-08 00:00:00;2141.4;2491.7;2120.5;2455.9;84.574102;ETHEUR
2024-08-09 00:00:00;2455.9;2475.4;2334.6;2376.7;84.929929;ETHEUR
2024-08-10 00:00:00;2376.9;2418.7;2356.8;2387.7;31.36575;ETHEUR
2024-08-11 00:00:00;2387.6;2487.5;2324.9;2339.1;87.817958;ETHEUR
2024-08-12 00:00:00;2339.0;2512.6;2297.2;2487.0;94.918901;ETHEUR
2024-08-13 00:00:00;2487.0;2501.6;2389.2;2455.5;74.319582;ETHEUR
2024-08-14 00:00:00;2455.0;2516.5;2384.6;2414.4;68.299434;ETHEUR
2024-08-15 00:00:00;2414.3;2433.1;2292.0;2339.6;67.293991;ETHEUR
2024-08-16 00:00:00;2339.7;2390.5;2318.8;2347.3;65.245602;ETHEUR
2024-08-17 00:00:00;2347.2;2379.5;2342.3;2367.8;29.10049;ETHEUR
2024-08-18 00:00:00;2367.9;2433.3;2350.3;2366.7;41.274957;ETHEUR
2024-08-19 00:00:00;2366.6;2396.5;2317.6;2375.7;54.492003;ETHEUR
2024-08-20 00:00:00;2375.6;2430.9;2297.8;2309.5;49.143536;ETHEUR
2024-08-21 00:00:00;2309.6;2385.8;2279.1;2355.6;64.999188;ETHEUR
2024-08-22 00:00:00;2355.5;2372.8;2316.7;2357.0;52.300914;ETHEUR
2024-08-23 00:00:00;2357.1;2497.7;2353.5;2465.5;60.08667;ETHEUR
2024-08-24 00:00:00;2466.0;2516.5;2438.9;2471.3;40.65655;ETHEUR
2024-08-25 00:00:00;2471.1;2490.8;2440.0;2452.3;39.474577;ETHEUR
2024-08-26 00:00:00;2452.3;2463.9;2387.4;2398.4;52.050898;ETHEUR
2024-08-27 00:00:00;2398.3;2415.2;2139.8;2196.4;65.16522;ETHEUR
2024-08-28 00:00:00;2196.3;2295.1;2162.7;2270.1;82.831397;ETHEUR
2024-08-29 00:00:00;2270.0;2341.5;2254.9;2278.8;67.341643;ETHEUR
2024-08-30 00:00:00;2278.8;2298.2;2199.4;2281.5;69.986636;ETHEUR
2024-08-31 00:00:00;2281.4;2288.8;2251.2;2271.7;18.72086;ETHEUR
2024-09-01 00:00:00;2271.6;2274.2;2170.2;2193.9;15.077154;ETHEUR
2024-09-02 00:00:00;2193.6;2313.4;2191.8;2290.7;57.319016;ETHEUR
2024-09-03 00:00:00;2290.8;2303.7;2182.9;2192.0;54.026102;ETHEUR
2024-09-04 00:00:00;2192.1;2243.3;2086.4;2207.3;72.394381;ETHEUR
2024-09-05 00:00:00;2207.2;2222.7;2111.5;2129.1;68.460181;ETHEUR
2024-09-06 00:00:00;2128.9;2164.8;1935.5;2002.3;70.826653;ETHEUR
2024-09-07 00:00:00;2002.3;2082.4;1999.3;2048.1;37.40229;ETHEUR
2024-09-08 00:00:00;2048.2;2099.7;2019.0;2069.4;35.138266;ETHEUR
2024-09-09 00:00:00;2069.4;2154.0;2055.8;2135.6;47.521674;ETHEUR
2024-09-10 00:00:00;2135.7;2174.1;2103.4;2164.8;34.61479;ETHEUR
2024-09-11 00:00:00;2164.9;2165.6;2067.1;2123.3;46.451583;ETHEUR
2024-09-12 00:00:00;2123.4;2170.0;2095.1;2129.4;36.260637;ETHEUR
2024-09-13 00:00:00;2129.3;2222.6;2107.4;2199.8;38.53945;ETHEUR
2024-09-14 00:00:00;2199.8;2201.0;2143.8;2180.7;17.73135;ETHEUR
2024-09-15 00:00:00;2180.8;2192.0;2059.9;2086.4;25.19128;ETHEUR
2024-09-16 00:00:00;2086.5;2097.6;2029.1;2060.0;41.177372;ETHEUR
2024-09-17 00:00:00;2060.1;2150.1;2032.1;2103.1;37.742739;ETHEUR
2024-09-18 00:00:00;2103.1;2135.8;2042.3;2134.4;50.324935;ETHEUR
2024-09-19 00:00:00;2134.3;2231.7;2132.7;2206.9;53.301067;ETHEUR
2024-09-20 00:00:00;2206.8;2302.7;2181.9;2290.6;54.65814;ETHEUR
2024-09-21 00:00:00;2290.7;2346.6;2260.8;2337.7;34.48182;ETHEUR
2024-09-22 00:00:00;2337.8;2355.1;2259.6;2310.5;41.34843;ETHEUR
2024-09-23 00:00:00;2310.5;2426.9;2274.2;2379.7;55.974034;ETHEUR
2024-09-24 00:00:00;2379.8;2391.7;2319.6;2368.3;38.428892;ETHEUR
2024-09-25 00:00:00;2368.4;2387.0;2293.2;2315.5;38.99401;ETHEUR
2024-09-26 00:00:00;2315.5;2384.0;2296.0;2352.7;44.313058;ETHEUR
2024-09-27 00:00:00;2352.6;2443.9;2339.0;2409.5;45.845898;ETHEUR
2024-09-28 00:00:00;2409.5;2418.4;2371.0;2393.3;28.74299;ETHEUR
2024-09-29 00:00:00;2393.4;2400.9;2356.7;2376.9;36.866182;ETHEUR
2024-09-30 00:00:00;2377.3;2381.6;2310.5;2333.9;49.11115;ETHEUR
2024-10-01 00:00:00;2334.0;2385.7;2178.3;2209.9;60.300172;ETHEUR
2024-10-02 00:00:00;2209.6;2256.0;2125.8;2138.2;58.522718;ETHEUR
2024-10-03 00:00:00;2137.9;2176.2;2095.5;2127.4;55.883212;ETHEUR
2024-10-04 00:00:00;2127.5;2227.3;2117.7;2195.8;44.66035;ETHEUR
2024-10-05 00:00:00;2195.8;2209.9;2173.8;2197.8;21.61575;ETHEUR
2024-10-06 00:00:00;2197.8;2237.1;2190.8;2222.1;25.529962;ETHEUR
2024-10-07 00:00:00;2221.8;2294.6;2188.3;2205.8;36.209822;ETHEUR
2024-10-08 00:00:00;2205.3;2243.6;2186.4;2221.4;29.0404;ETHEUR
2024-10-09 00:00:00;2221.5;2254.2;2144.9;2166.5;30.329102;ETHEUR
2024-10-10 00:00:00;2168.4;2211.9;2132.9;2179.8;26.657538;ETHEUR
2024-10-11 00:00:00;2179.9;2257.4;2175.7;2225.2;20.758892;ETHEUR
2024-10-12 00:00:00;2225.2;2274.4;2220.6;2262.0;11.63305;ETHEUR
2024-10-13 00:00:00;2262.0;2269.6;2225.9;2258.3;17.487058;ETHEUR
2024-10-14 00:00:00;2258.5;2429.8;2235.6;2408.8;18.020486;ETHEUR
2024-10-15 00:00:00;2408.6;2459.5;2325.4;2394.0;20.032676;ETHEUR
2024-10-16 00:00:00;2394.0;2429.2;2376.8;2402.7;22.13276;ETHEUR
2024-10-17 00:00:00;2402.7;2438.2;2377.6;2404.2;23.303006;ETHEUR
2024-10-18 00:00:00;2404.2;2460.6;2395.4;2427.2;20.699952;ETHEUR
2024-10-19 00:00:00;2427.2;2445.9;2419.4;2435.2;12.86805;ETHEUR
2024-10-20 00:00:00;2435.2;2535.2;2423.4;2525.6;5.140424;ETHEUR
2024-10-21 00:00:00;2525.6;2544.8;2451.5;2463.2;15.974684;ETHEUR
2024-10-22 00:00:00;2463.5;2467.9;2409.4;2426.4;16.771922;ETHEUR
2024-10-23 00:00:00;2430.3;2430.4;2281.1;2340.1;20.107212;ETHEUR
2024-10-24 00:00:00;2340.0;2372.4;2320.1;2340.8;22.78035;ETHEUR
2024-10-25 00:00:00;2340.8;2367.0;2201.1;2252.3;26.065174;ETHEUR
2024-10-26 00:00:00;2251.1;2314.5;2243.0;2297.2;11.7858;ETHEUR
2024-10-27 00:00:00;2297.3;2334.4;2280.2;2320.8;24.0173;ETHEUR
2024-10-28 00:00:00;2320.9;2388.7;2290.3;2371.5;44.806748;ETHEUR
2024-10-29 00:00:00;2371.6;2479.5;2365.6;2437.1;53.522348;ETHEUR
2024-10-30 00:00:00;2437.1;2507.8;2401.1;2447.1;49.62619;ETHEUR
2024-10-31 00:00:00;2447.3;2459.4;2297.2;2311.6;44.627394;ETHEUR
2024-11-01 00:00:00;2311.7;2380.4;2268.5;2313.0;34.400075;ETHEUR
2024-11-02 00:00:00;2312.3;2323.9;2279.7;2298.9;19.20515;ETHEUR
2024-11-03 00:00:00;2299.8;2302.0;2223.8;2258.4;23.858552;ETHEUR
2024-11-04 00:00:00;2258.6;2283.5;2170.0;2210.1;47.554618;ETHEUR
2024-11-05 00:00:00;2203.6;2272.4;2187.9;2213.8;40.909558;ETHEUR
2024-11-06 00:00:00;2213.7;2554.4;2212.6;2534.9;34.978845;ETHEUR
2024-11-07 00:00:00;2535.0;2698.9;2515.5;2680.4;28.867451;ETHEUR
2024-11-08 00:00:00;2680.5;2783.5;2676.0;2760.7;15.452735;ETHEUR
2024-11-09 00:00:00;2760.6;2943.2;2754.1;2914.4;31.31392;ETHEUR
2024-11-10 00:00:00;2914.4;3027.6;2864.0;2972.7;39.318633;ETHEUR
2024-11-11 00:00:00;2970.8;3176.7;2897.8;3161.9;13.703756;ETHEUR
2024-11-12 00:00:00;3162.0;3235.7;3019.0;3056.5;10.48662;ETHEUR
2024-11-13 00:00:00;3055.4;3155.9;2938.0;3016.8;15.39002;ETHEUR
2024-11-14 00:00:00;3017.0;3071.1;2877.3;2903.6;49.213395;ETHEUR
2024-11-15 00:00:00;2903.7;2960.3;2857.6;2928.3;48.476548;ETHEUR
2024-11-16 00:00:00;2925.8;3051.9;2910.4;2969.9;39.29447;ETHEUR
2024-11-17 00:00:00;2970.1;2996.9;2879.8;2917.6;45.306275;ETHEUR
2024-11-18 00:00:00;2917.8;3041.6;2891.2;3027.2;41.776737;ETHEUR
2024-11-19 00:00:00;3027.2;3039.9;2893.8;2929.1;42.605917;ETHEUR
2024-11-20 00:00:00;2928.2;2993.8;2874.7;2910.5;49.092172;ETHEUR
2024-11-21 00:00:00;2910.4;3229.9;2874.7;3206.0;52.637515;ETHEUR
2024-11-22 00:00:00;3206.1;3270.8;3128.0;3192.4;58.273581;ETHEUR
2024-11-23 00:00:00;3192.5;3355.4;3178.9;3256.3;37.86941;ETHEUR
2024-11-24 00:00:00;3256.3;3309.6;3151.5;3207.9;50.511211;ETHEUR
2024-11-25 00:00:00;3207.6;3377.9;3149.1;3268.6;52.987864;ETHEUR
2024-11-26 00:00:00;3268.3;3308.2;3110.0;3166.9;48.941992;ETHEUR
2024-11-27 00:00:00;3166.9;3487.6;3146.6;3459.9;47.251566;ETHEUR
2024-11-28 00:00:00;3459.8;3470.3;3344.4;3388.5;38.997307;ETHEUR
2024-11-29 00:00:00;3388.4;3452.1;3340.2;3392.5;42.818674;ETHEUR
2024-11-30 00:00:00;3392.4;3533.4;3370.8;3501.4;41.28977;ETHEUR
2024-12-01 00:00:00;3501.5;3539.9;3460.2;3517.1;47.338209;ETHEUR
2024-12-02 00:00:00;3516.9;3571.7;3391.2;3469.3;44.143682;ETHEUR
2024-12-03 00:00:00;3469.1;3499.8;3327.1;3440.3;40.130293;ETHEUR
2024-12-04 00:00:00;3440.0;3702.5;3440.0;3653.2;30.160284;ETHEUR
2024-12-05 00:00:00;3653.2;3744.6;3481.3;3576.4;36.724381;ETHEUR
2024-12-06 00:00:00;3576.5;3874.2;3571.2;3784.6;35.332027;ETHEUR
2024-12-07 00:00:00;3784.8;3808.4;3756.2;3781.5;32.67935;ETHEUR
2024-12-08 00:00:00;3781.4;3800.7;3713.9;3789.7;28.551485;ETHEUR
2024-12-09 00:00:00;3791.0;3791.4;3338.4;3518.1;15.972007;ETHEUR
2024-12-10 00:00:00;3514.6;3580.8;3345.4;3445.2;3.461217;ETHEUR
2024-12-11 00:00:00;3444.2;3662.2;3381.5;3653.5;2.237613;ETHEUR
2024-12-12 00:00:00;3647.3;3801.5;3614.5;3704.0;1.519587;ETHEUR
2024-12-13 00:00:00;3704.1;3780.8;3678.0;3715.5;3.689505;ETHEUR
2024-12-14 00:00:00;3715.3;3751.6;3638.9;3679.7;23.50192;ETHEUR
2024-12-15 00:00:00;3679.7;3777.1;3643.4;3762.1;19.266614;ETHEUR
2024-12-16 00:00:00;3764.1;3903.5;3696.4;3788.2;2.166918;ETHEUR
2024-12-17 00:00:00;3788.4;3841.0;3666.5;3706.0;1.711598;ETHEUR
2024-12-18 00:00:00;3706.7;3723.9;3491.3;3499.3;2.183581;ETHEUR
2024-12-19 00:00:00;3499.4;3569.1;3210.0;3292.6;3.998394;ETHEUR
2024-12-20 00:00:00;3291.4;3345.5;2978.7;3321.6;5.246765;ETHEUR
2024-12-21 00:00:00;3321.0;3401.7;3151.3;3192.5;19.76102;ETHEUR
2024-12-22 00:00:00;3194.7;3253.9;3080.5;3140.1;16.160858;ETHEUR
2024-12-23 00:00:00;3140.0;3323.0;3080.4;3283.7;3.756444;ETHEUR
2024-12-24 00:00:00;3283.6;3400.4;3221.5;3351.2;3.724441;ETHEUR
2024-12-25 00:00:00;3357.4;3403.8;3300.6;3357.5;3.850241;ETHEUR
2024-12-26 00:00:00;3357.6;3375.3;3166.4;3193.8;3.72004;ETHEUR
2024-12-27 00:00:00;3193.9;3296.3;3164.6;3186.8;5.466719;ETHEUR
2024-12-28 00:00:00;3186.9;3274.7;3175.9;3253.2;17.4023;ETHEUR
2024-12-29 00:00:00;3253.1;3262.5;3180.4;3210.3;15.429246;ETHEUR
2024-12-30 00:00:00;3210.2;3284.1;3167.0;3222.6;1.337505;ETHEUR
2024-12-31 00:00:00;3222.8;3318.3;3178.4;3295.6;0.875091;ETHEUR
2025-01-01 00:00:00;3228.7;3248.6;3199.1;3237.8;6.549475;ETHEUR
2025-01-02 00:00:00;3236.3;3399.1;3231.1;3358.5;1.423808;ETHEUR
2025-01-03 00:00:00;3359.8;3517.7;3325.1;3494.8;3.034557;ETHEUR
2025-01-04 00:00:00;3495.9;3555.1;3461.5;3542.2;20.42885;ETHEUR
2025-01-05 00:00:00;3542.5;3559.3;3481.4;3525.1;16.919047;ETHEUR
2025-01-06 00:00:00;3525.2;3597.9;3473.0;3549.9;1.297213;ETHEUR
2025-01-07 00:00:00;3549.6;3562.0;3242.0;3266.0;1.475769;ETHEUR
2025-01-08 00:00:00;3265.9;3296.9;3111.5;3222.8;1.395751;ETHEUR
2025-01-09 00:00:00;3221.6;3251.6;3064.3;3123.7;1.251068;ETHEUR
2025-01-10 00:00:00;3123.9;3235.6;3114.1;3182.9;5.669907;ETHEUR
2025-01-11 00:00:00;3182.8;3234.1;3136.7;3198.0;18.98196;ETHEUR
2025-01-12 00:00:00;3198.1;3214.0;3141.2;3184.2;16.454314;ETHEUR
2025-01-13 00:00:00;3184.2;3253.8;2862.5;3051.8;12.59514;ETHEUR
2025-01-14 00:00:00;3051.9;3168.6;3045.5;3126.0;8.881279;ETHEUR
2025-01-15 00:00:00;3125.8;3372.4;3088.2;3349.9;1.488271;ETHEUR
2025-01-16 00:00:00;3349.9;3357.5;3169.5;3207.5;2.959691;ETHEUR
2025-01-17 00:00:00;3207.7;3429.6;3206.4;3379.3;6.906599;ETHEUR
2025-01-18 00:00:00;3379.3;3399.4;3136.2;3212.4;79.82139;ETHEUR
2025-01-19 00:00:00;3212.5;3349.7;3038.9;3120.1;108.380822;ETHEUR
2025-01-20 00:00:00;3120.7;3337.7;3051.2;3145.6;15.971248;ETHEUR
2025-01-21 00:00:00;3145.4;3226.0;3080.7;3195.0;5.286684;ETHEUR
2025-01-22 00:00:00;3195.1;3225.7;3092.6;3111.3;2.28192;ETHEUR
2025-01-23 00:00:00;3111.1;3212.4;3054.1;3202.6;3.571771;ETHEUR
2025-01-24 00:00:00;3202.9;3269.7;3135.2;3149.3;7.106155;ETHEUR
2025-01-25 00:00:00;3149.3;3187.9;3110.8;3157.7;37.75329;ETHEUR
2025-01-26 00:00:00;3157.9;3198.3;3081.1;3083.8;52.28393;ETHEUR
2025-01-27 00:00:00;3083.7;3105.2;2884.7;3045.2;5.673916;ETHEUR
2025-01-28 00:00:00;3045.3;3088.7;2910.2;2946.8;2.830762;ETHEUR
2025-01-29 00:00:00;2946.6;3049.7;2934.1;2984.2;3.385038;ETHEUR
2025-01-30 00:00:00;2984.0;3148.0;2963.7;3120.7;3.38881;ETHEUR
2025-01-31 00:00:00;3120.7;3305.3;3090.6;3179.7;7.663034;ETHEUR
2025-02-01 00:00:00;3179.5;3209.5;2988.3;3003.1;51.63825;ETHEUR
2025-02-02 00:00:00;3003.0;3047.4;2681.7;2796.7;114.654452;ETHEUR
2025-02-03 00:00:00;2796.8;2822.8;2083.4;2788.2;25.722635;ETHEUR
2025-02-04 00:00:00;2788.3;2797.8;2534.4;2630.4;7.070638;ETHEUR
2025-02-05 00:00:00;2630.3;2710.9;2597.4;2678.5;5.194186;ETHEUR
2025-02-06 00:00:00;2678.7;2756.0;2556.3;2584.3;5.322877;ETHEUR
2025-02-07 00:00:00;2584.0;2696.7;2477.2;2534.8;11.739125;ETHEUR
2025-02-08 00:00:00;2535.0;2578.7;2501.7;2544.8;52.43303;ETHEUR
2025-02-09 00:00:00;2545.2;2608.5;2439.4;2545.5;56.931961;ETHEUR
2025-02-10 00:00:00;2545.5;2610.1;2482.7;2580.8;4.362562;ETHEUR
2025-02-11 00:00:00;2580.8;2641.1;2468.9;2507.5;3.999228;ETHEUR
2025-02-12 00:00:00;2507.4;2689.5;2461.4;2632.6;7.026059;ETHEUR
2025-02-13 00:00:00;2632.3;2649.5;2505.2;2555.1;7.942466;ETHEUR
2025-02-14 00:00:00;2554.9;2654.5;2545.1;2593.2;10.645548;ETHEUR
2025-02-15 00:00:00;2593.7;2606.2;2536.5;2562.4;36.66845;ETHEUR
2025-02-16 00:00:00;2562.4;2593.9;2525.6;2534.6;28.539348;ETHEUR
2025-02-17 00:00:00;2534.6;2716.1;2512.1;2613.8;5.088641;ETHEUR
2025-02-18 00:00:00;2613.9;2626.2;2492.0;2552.6;6.130605;ETHEUR
2025-02-19 00:00:00;2552.7;2620.9;2538.7;2602.6;4.370047;ETHEUR
2025-02-20 00:00:00;2602.6;2648.9;2582.5;2605.2;3.620016;ETHEUR
2025-02-21 00:00:00;2605.1;2714.8;2496.0;2539.4;11.655742;ETHEUR
2025-02-22 00:00:00;2539.5;2669.7;2530.4;2636.9;42.45605;ETHEUR
2025-02-23 00:00:00;2636.8;2722.0;2619.9;2688.7;37.720466;ETHEUR
2025-02-24 00:00:00;2688.6;2706.1;2360.0;2399.4;7.822658;ETHEUR
2025-02-25 00:00:00;2399.3;2415.4;2211.9;2366.3;11.357889;ETHEUR
2025-02-26 00:00:00;2366.1;2381.9;2146.0;2221.3;8.996387;ETHEUR
2025-02-27 00:00:00;2221.2;2266.8;2139.2;2214.6;7.073067;ETHEUR
2025-02-28 00:00:00;2214.8;2220.9;1991.6;2150.5;13.514503;ETHEUR
2025-03-01 00:00:00;2150.7;2193.0;2060.1;2132.0;57.46133;ETHEUR
2025-03-02 00:00:00;2132.0;2449.6;2089.6;2415.6;73.555828;ETHEUR
2025-03-03 00:00:00;2415.7;2421.0;1998.7;2044.9;9.792233;ETHEUR
2025-03-04 00:00:00;2044.8;2088.1;1893.6;2040.4;9.47226;ETHEUR
2025-03-05 00:00:00;2040.3;2122.8;2004.3;2073.4;7.923044;ETHEUR
2025-03-06 00:00:00;2073.6;2143.0;2013.8;2038.5;10.130606;ETHEUR
2025-03-07 00:00:00;2038.4;2077.2;1946.7;1971.6;14.751515;ETHEUR
2025-03-08 00:00:00;1971.6;2057.7;1938.4;2029.7;38.72513;ETHEUR
2025-03-09 00:00:00;2029.8;2037.7;1830.6;1856.6;59.456489;ETHEUR
2025-03-10 00:00:00;1856.6;1982.1;1669.2;1716.7;13.123803;ETHEUR
2025-03-11 00:00:00;1716.8;1793.2;1615.8;1758.8;8.365404;ETHEUR
2025-03-12 00:00:00;1759.0;1787.8;1674.1;1749.5;7.038214;ETHEUR
2025-03-13 00:00:00;1749.5;1766.6;1673.9;1714.0;4.74229;ETHEUR
2025-03-14 00:00:00;1713.8;1785.4;1710.3;1752.7;7.973699;ETHEUR
2025-03-15 00:00:00;1752.6;1794.9;1745.6;1776.6;27.97535;ETHEUR
2025-03-16 00:00:00;1776.5;1779.7;1707.5;1731.1;35.71101;ETHEUR
2025-03-17 00:00:00;1731.2;1784.2;1724.3;1761.3;2.458348;ETHEUR
2025-03-18 00:00:00;1761.3;1766.0;1707.9;1762.5;2.313779;ETHEUR
2025-03-19 00:00:00;1762.7;1895.2;1758.3;1883.3;4.999313;ETHEUR
2025-03-20 00:00:00;1883.3;1892.5;1796.7;1824.0;7.095456;ETHEUR
2025-03-21 00:00:00;1823.9;1836.4;1784.9;1812.5;8.904061;ETHEUR
2025-03-22 00:00:00;1812.5;1850.8;1811.1;1827.1;30.94503;ETHEUR
2025-03-23 00:00:00;1827.3;1864.2;1823.8;1849.0;34.410486;ETHEUR
2025-03-24 00:00:00;1849.1;1941.9;1824.0;1923.8;3.660953;ETHEUR
2025-03-25 00:00:00;1923.9;1940.0;1882.7;1912.5;2.671847;ETHEUR
2025-03-26 00:00:00;1912.6;1924.0;1840.1;1867.9;2.678842;ETHEUR
2025-03-27 00:00:00;1868.1;1888.0;1838.6;1851.8;2.072241;ETHEUR
2025-03-28 00:00:00;1851.6;1864.5;1716.3;1747.0;7.771633;ETHEUR
2025-03-29 00:00:00;1746.9;1762.3;1656.5;1684.2;39.42753;ETHEUR
2025-03-30 00:00:00;1684.3;1704.0;1633.2;1666.8;33.939967;ETHEUR
2025-03-31 00:00:00;1666.7;1713.1;1636.1;1681.0;42.933227;ETHEUR
2025-04-01 00:00:00;1681.0;1781.0;1676.4;1761.6;37.227878;ETHEUR
2025-04-02 00:00:00;1761.6;1791.9;1639.5;1643.5;12.683306;ETHEUR
2025-04-03 00:00:00;1643.7;1688.1;1573.9;1641.9;1.612793;ETHEUR
2025-04-04 00:00:00;1641.8;1667.1;1590.6;1652.9;5.048551;ETHEUR
2025-04-05 00:00:00;1653.0;1662.3;1606.3;1643.3;17.07651;ETHEUR
2025-04-06 00:00:00;1643.4;1653.5;1394.5;1434.8;40.431054;ETHEUR
2025-04-07 00:00:00;1434.7;1490.7;1278.5;1419.4;29.903084;ETHEUR
2025-04-08 00:00:00;1419.4;1473.3;1315.1;1338.5;1.335206;ETHEUR
2025-04-09 00:00:00;1338.3;1539.0;1252.3;1521.6;1.785347;ETHEUR
2025-04-10 00:00:00;1521.8;1521.8;1311.5;1349.0;1.337027;ETHEUR
2025-04-11 00:00:00;1349.1;1401.6;1327.6;1374.1;5.007208;ETHEUR
2025-04-12 00:00:00;1374.1;1464.9;1356.5;1443.5;27.19792;ETHEUR
2025-04-13 00:00:00;1443.8;1448.0;1372.0;1405.5;33.396467;ETHEUR
2025-04-14 00:00:00;1405.7;1484.3;1403.0;1429.7;1.129644;ETHEUR
2025-04-15 00:00:00;1429.6;1463.9;1399.5;1404.2;0.982767;ETHEUR
2025-04-16 00:00:00;1404.3;1417.9;1351.2;1382.0;1.063084;ETHEUR
2025-04-17 00:00:00;1381.8;1422.5;1372.2;1389.8;0.871156;ETHEUR
2025-04-18 00:00:00;1389.9;1400.5;1381.7;1389.9;2.868022;ETHEUR
2025-04-19 00:00:00;1389.9;1427.2;1386.8;1412.1;16.17766;ETHEUR
2025-04-20 00:00:00;1412.0;1417.2;1370.5;1384.0;9.92972;ETHEUR
2025-04-21 00:00:00;1383.8;1437.4;1355.3;1369.7;0.760494;ETHEUR
2025-04-22 00:00:00;1369.5;1560.2;1339.1;1545.4;1.22351;ETHEUR
2025-04-23 00:00:00;1545.4;1608.2;1531.0;1582.8;1.267014;ETHEUR
2025-04-24 00:00:00;1582.6;1585.9;1512.0;1554.2;0.906087;ETHEUR
2025-04-25 00:00:00;1554.1;1606.1;1530.8;1567.2;5.009916;ETHEUR
2025-04-26 00:00:00;1567.1;1616.3;1562.8;1598.9;24.70693;ETHEUR
2025-04-27 00:00:00;1599.2;1630.9;1566.1;1576.9;18.866878;ETHEUR
2025-04-28 00:00:00;1577.0;1608.7;1529.7;1575.5;0.725888;ETHEUR
2025-04-29 00:00:00;1575.5;1616.9;1561.8;1576.8;0.750803;ETHEUR
2025-04-30 00:00:00;1576.8;1595.7;1522.2;1581.9;0.769705;ETHEUR
2025-05-01 00:00:00;1581.9;1657.7;1580.6;1625.5;1.193527;ETHEUR
2025-05-02 00:00:00;1625.4;1649.3;1600.1;1626.8;4.198846;ETHEUR
2025-05-03 00:00:00;1626.9;1632.4;1598.4;1618.8;19.88037;ETHEUR
2025-05-04 00:00:00;1619.0;1633.3;1591.2;1595.4;21.567269;ETHEUR
2025-05-05 00:00:00;1595.3;1617.3;1569.6;1606.3;0.659071;ETHEUR
2025-05-06 00:00:00;1606.4;1611.1;1540.9;1599.7;0.827878;ETHEUR
2025-05-07 00:00:00;1599.7;1628.5;1572.7;1600.3;1.023879;ETHEUR
2025-05-08 00:00:00;1600.2;1980.1;1596.0;1964.0;2.876164;ETHEUR
2025-05-09 00:00:00;1964.0;2210.2;1945.5;2080.5;6.751624;ETHEUR
2025-05-10 00:00:00;2080.5;2308.0;2056.7;2293.3;65.94742;ETHEUR
2025-05-11 00:00:00;2293.0;2313.4;2163.3;2237.5;61.772688;ETHEUR
2025-05-12 00:00:00;2237.3;2355.8;2171.0;2246.6;3.296754;ETHEUR
2025-05-13 00:00:00;2246.6;2444.6;2174.2;2393.3;2.590798;ETHEUR
2025-05-14 00:00:00;2393.3;2432.7;2273.4;2332.2;2.264668;ETHEUR
2025-05-15 00:00:00;2332.4;2363.8;2215.3;2275.1;1.94335;ETHEUR
2025-05-16 00:00:00;2275.1;2361.4;2260.0;2268.7;7.590111;ETHEUR
2025-05-17 00:00:00;2268.6;2269.5;2189.0;2214.0;49.94833;ETHEUR
2025-05-18 00:00:00;2214.2;2314.2;2080.2;2230.7;44.513192;ETHEUR
2025-05-19 00:00:00;2230.7;2264.7;2094.1;2248.7;1.862706;ETHEUR
2025-05-20 00:00:00;2249.0;2299.9;2167.2;2234.3;1.60688;ETHEUR
2025-05-21 00:00:00;2234.3;2303.4;2161.8;2249.9;4.53996;ETHEUR
2025-05-22 00:00:00;2249.8;2381.9;2244.5;2360.0;8.082759;ETHEUR
2025-05-23 00:00:00;2359.9;2413.1;2198.9;2219.0;20.393603;ETHEUR
2025-05-24 00:00:00;2218.8;2263.5;2209.3;2223.7;33.58574;ETHEUR
2025-05-25 00:00:00;2223.7;2243.8;2166.0;2241.0;36.392095;ETHEUR
2025-05-26 00:00:00;2240.9;2278.3;2218.2;2249.2;6.266259;ETHEUR
2025-05-27 00:00:00;2249.2;2391.2;2198.6;2345.8;7.689565;ETHEUR
2025-05-28 00:00:00;2345.8;2389.3;2301.1;2386.5;8.117568;ETHEUR
2025-05-29 00:00:00;2386.4;2476.0;2301.4;2310.6;12.802503;ETHEUR
2025-05-30 00:00:00;2310.7;2331.5;2206.9;2227.1;26.758659;ETHEUR
2025-05-31 00:00:00;2227.0;2245.0;2178.8;2225.3;35.91765;ETHEUR
2025-06-01 00:00:00;2225.4;2242.8;2173.6;2234.9;43.53111;ETHEUR
2025-06-02 00:00:00;2234.9;2281.8;2164.3;2274.9;9.499391;ETHEUR
2025-06-03 00:00:00;2275.3;2330.7;2265.8;2276.4;23.954052;ETHEUR
2025-06-04 00:00:00;2276.2;2343.4;2268.0;2282.1;26.997196;ETHEUR
2025-06-05 00:00:00;2282.0;2309.5;2088.1;2107.0;5.141409;ETHEUR
2025-06-06 00:00:00;2107.2;2221.3;2081.7;2170.5;11.608927;ETHEUR
2025-06-07 00:00:00;2170.6;2229.7;2153.5;2213.2;32.23087;ETHEUR
2025-06-08 00:00:00;2213.0;2234.1;2184.7;2198.9;29.103555;ETHEUR
2025-06-09 00:00:00;2199.0;2355.8;2168.4;2344.0;1.947474;ETHEUR
2025-06-10 00:00:00;2344.1;2470.3;2327.2;2460.1;12.190493;ETHEUR
2025-06-11 00:00:00;2460.2;2504.0;2385.7;2406.3;5.764605;ETHEUR
2025-06-12 00:00:00;2406.5;2418.1;2257.9;2275.2;3.205981;ETHEUR
2025-06-13 00:00:00;2275.2;2277.5;2112.2;2229.2;13.676558;ETHEUR
2025-06-14 00:00:00;2229.6;2229.8;2151.7;2188.4;32.27802;ETHEUR
2025-06-15 00:00:00;2188.5;2212.1;2153.7;2205.9;30.75016;ETHEUR
2025-06-16 00:00:00;2205.8;2315.9;2177.1;2200.1;3.359058;ETHEUR
2025-06-17 00:00:00;2200.3;2262.8;2131.9;2184.0;3.62576;ETHEUR
2025-06-18 00:00:00;2184.1;2210.6;2144.5;2198.6;3.341411;ETHEUR
2025-06-19 00:00:00;2198.7;2217.1;2167.4;2188.2;1.613754;ETHEUR
2025-06-20 00:00:00;2188.4;2228.9;2051.4;2086.4;2.748689;ETHEUR
2025-06-21 00:00:00;2086.3;2121.4;1922.9;1990.4;3.04321;ETHEUR
2025-06-22 00:00:00;1990.6;2006.2;1832.7;1934.9;5.750575;ETHEUR
2025-06-23 00:00:00;1935.1;2101.4;1898.0;2078.4;1.741738;ETHEUR
2025-06-24 00:00:00;2078.5;2133.1;2050.2;2106.5;0.68497;ETHEUR
2025-06-25 00:00:00;2106.7;2121.6;2060.0;2068.9;0.646355;ETHEUR
2025-06-26 00:00:00;2068.7;2152.9;2047.3;2064.6;0.840303;ETHEUR
2025-06-27 00:00:00;2064.6;2101.6;2036.6;2065.7;0.611857;ETHEUR
2025-06-28 00:00:00;2066.0;2086.6;2051.7;2077.0;0.36413;ETHEUR
2025-06-29 00:00:00;2077.0;2149.0;2054.7;2130.5;0.422472;ETHEUR
2025-06-30 00:00:00;2131.0;2150.3;2072.2;2107.0;0.533176;ETHEUR
2025-07-01 00:00:00;2106.4;2118.8;2020.9;2035.9;0.544443;ETHEUR
2025-07-02 00:00:00;2035.8;2217.2;2010.3;2177.0;0.727732;ETHEUR
2025-07-03 00:00:00;2177.1;2238.0;2165.6;2200.1;0.865886;ETHEUR
2025-07-04 00:00:00;2200.2;2210.2;2099.6;2126.2;0.927611;ETHEUR
2025-07-05 00:00:00;2126.4;2144.6;2110.0;2133.6;0.624263;ETHEUR
2025-07-06 00:00:00;2133.8;2208.8;2123.2;2180.7;0.899352;ETHEUR
2025-07-07 00:00:00;2180.7;2205.0;2141.6;2163.9;1.004455;ETHEUR
2025-07-08 00:00:00;2164.0;2239.0;2147.3;2229.2;0.971565;ETHEUR
2025-07-09 00:00:00;2229.2;2382.1;2211.6;2357.9;1.009621;ETHEUR
2025-07-10 00:00:00;2358.0;2561.1;2346.0;2520.6;1.392735;ETHEUR
2025-07-11 00:00:00;2520.6;2599.2;2495.1;2528.2;1.382102;ETHEUR
2025-07-12 00:00:00;2528.0;2546.7;2482.8;2515.2;0.351977;ETHEUR
2025-07-13 00:00:00;2515.3;2581.0;2510.4;2542.8;0.665419;ETHEUR
2025-07-14 00:00:00;2542.8;2633.1;2533.0;2581.8;1.417519;ETHEUR
2025-07-15 00:00:00;2581.8;2706.4;2511.2;2702.7;1.149701;ETHEUR
2025-07-16 00:00:00;2702.7;2939.4;2668.8;2897.1;1.255463;ETHEUR
2025-07-17 00:00:00;2896.7;3032.3;2848.0;2993.9;1.539103;ETHEUR
2025-07-18 00:00:00;2993.9;3162.3;2977.9;3050.0;1.447032;ETHEUR
2025-07-19 00:00:00;3049.9;3101.6;3017.0;3089.5;0.535512;ETHEUR
2025-07-20 00:00:00;3089.6;3286.2;3077.6;3229.9;1.341151;ETHEUR
2025-07-21 00:00:00;3229.6;3300.1;3181.9;3216.2;1.314057;ETHEUR
2025-07-22 00:00:00;3216.1;3249.7;3091.8;3191.4;0.517973;ETHEUR
2025-07-23 00:00:00;3191.4;3206.7;2995.8;3081.1;0.60999;ETHEUR
2025-07-24 00:00:00;3081.3;3206.5;2982.3;3153.0;0.493241;ETHEUR
2025-07-25 00:00:00;3153.7;3194.3;3044.5;3170.4;0.68448;ETHEUR
2025-07-26 00:00:00;3170.6;3227.9;3150.2;3184.9;0.387664;ETHEUR
2025-07-27 00:00:00;3185.1;3298.2;3176.2;3293.6;0.55893;ETHEUR
2025-07-28 00:00:00;3293.6;3353.3;3236.9;3273.7;0.630568;ETHEUR
2025-07-29 00:00:00;3273.7;3359.4;3216.8;3281.8;1.267874;ETHEUR
2025-07-30 00:00:00;3281.9;3334.2;3220.7;3331.6;1.513219;ETHEUR
2025-07-31 00:00:00;3331.3;3383.9;3224.5;3236.0;0.932228;ETHEUR
2025-08-01 00:00:00;3236.0;3260.9;2958.6;3007.2;1.704365;ETHEUR
2025-08-02 00:00:00;3007.2;3050.0;2905.3;2926.1;0.317622;ETHEUR
2025-08-03 00:00:00;2926.1;3038.0;2894.3;3016.2;0.275862;ETHEUR
2025-08-04 00:00:00;3016.5;3224.5;3012.6;3209.7;0.523197;ETHEUR
2025-08-05 00:00:00;3209.6;3209.6;3062.1;3117.0;0.872298;ETHEUR
2025-08-06 00:00:00;3117.0;3171.4;3074.1;3156.5;0.512096;ETHEUR
2025-08-07 00:00:00;3156.6;3363.8;3129.9;3348.3;0.587169;ETHEUR
2025-08-08 00:00:00;3348.2;3494.6;3324.7;3441.7;0.471904;ETHEUR
2025-08-09 00:00:00;3441.5;3711.9;3439.7;3658.4;2.084946;ETHEUR
2025-08-10 00:00:00;3658.3;3717.4;3571.9;3648.2;1.618091;ETHEUR
2025-08-11 00:00:00;3648.0;3757.7;3584.0;3634.5;1.676548;ETHEUR
2025-08-12 00:00:00;3634.9;3970.4;3631.6;3929.0;1.099391;ETHEUR
2025-08-13 00:00:00;3928.7;4084.3;3907.0;4053.9;15.532376;ETHEUR
2025-08-14 00:00:00;4054.4;4092.2;3820.8;3903.2;15.457667;ETHEUR
2025-08-15 00:00:00;3903.2;3996.2;3735.7;3791.5;14.16235;ETHEUR
2025-08-16 00:00:00;3791.4;3835.5;3735.8;3776.0;6.30744;ETHEUR
2025-08-17 00:00:00;3776.3;3906.9;3755.0;3821.1;3.170255;ETHEUR
2025-08-18 00:00:00;3821.1;3829.9;3616.0;3696.2;1.208821;ETHEUR
2025-08-19 00:00:00;3696.5;3733.5;3491.9;3498.4;5.418019;ETHEUR
2025-08-20 00:00:00;3498.3;3755.3;3492.1;3720.0;7.189269;ETHEUR
2025-08-21 00:00:00;3720.1;3725.0;3620.8;3636.0;5.363292;ETHEUR
2025-08-22 00:00:00;3635.6;4167.5;3622.8;4119.6;7.183643;ETHEUR
2025-08-23 00:00:00;4119.6;4119.6;3975.7;4074.3;2.879566;ETHEUR
2025-08-24 00:00:00;4074.4;4226.5;4018.8;4080.1;7.025055;ETHEUR
2025-08-25 00:00:00;4080.7;4097.9;3728.1;3766.8;10.895639;ETHEUR
2025-08-26 00:00:00;3766.6;3978.6;3701.7;3952.1;6.942349;ETHEUR
2025-08-27 00:00:00;3952.2;4022.8;3850.4;3868.3;6.863794;ETHEUR
2025-08-28 00:00:00;3868.3;3979.9;3791.7;3861.5;5.936101;ETHEUR
2025-08-29 00:00:00;3861.5;3865.7;3650.8;3728.8;6.645283;ETHEUR
2025-08-30 00:00:00;3728.9;3775.3;3642.1;3740.4;0.258623;ETHEUR
2025-08-31 00:00:00;3740.3;3846.5;3739.7;3755.0;0.837051;ETHEUR
2025-09-01 00:00:00;3754.9;3829.1;3594.8;3680.8;4.388984;ETHEUR
2025-09-02 00:00:00;3680.9;3786.8;3656.4;3716.8;5.224256;ETHEUR
2025-09-03 00:00:00;3717.0;3845.8;3680.8;3817.0;9.882783;ETHEUR
2025-09-04 00:00:00;3816.7;3844.1;3660.6;3687.7;23.481525;ETHEUR
2025-09-05 00:00:00;3687.6;3819.0;3624.5;3673.4;20.146824;ETHEUR
2025-09-06 00:00:00;3673.5;3691.6;3615.3;3646.8;0.796904;ETHEUR
2025-09-07 00:00:00;3646.4;3701.0;3643.1;3675.3;4.562829;ETHEUR
2025-09-08 00:00:00;3675.2;3729.7;3640.2;3658.4;15.075681;ETHEUR
2025-09-09 00:00:00;3658.6;3724.3;3633.2;3681.4;15.155205;ETHEUR
2025-09-10 00:00:00;3681.4;3796.6;3662.1;3716.1;15.840173;ETHEUR
2025-09-11 00:00:00;3716.6;3834.6;3707.9;3802.2;17.045012;ETHEUR
2025-09-12 00:00:00;3802.4;4039.9;3794.6;4015.0;14.718778;ETHEUR
2025-09-13 00:00:00;4015.3;4060.0;3923.8;3976.2;0.811796;ETHEUR
2025-09-14 00:00:00;3976.2;3997.6;3901.8;3928.6;6.50294;ETHEUR
2025-09-15 00:00:00;3928.5;3982.2;3795.9;3847.0;15.891152;ETHEUR
2025-09-16 00:00:00;3847.1;3858.2;3738.3;3792.9;15.641932;ETHEUR
2025-09-17 00:00:00;3793.0;3904.5;3735.1;3883.3;17.386005;ETHEUR
2025-09-18 00:00:00;3883.1;3936.8;3863.0;3892.7;16.153836;ETHEUR
2025-09-19 00:00:00;3892.7;3922.3;3777.7;3803.1;14.385273;ETHEUR
2025-09-20 00:00:00;3803.1;3837.4;3791.3;3812.9;2.965464;ETHEUR
2025-09-21 00:00:00;3812.9;3829.1;3782.7;3788.3;4.166214;ETHEUR
2025-09-22 00:00:00;3788.4;3798.1;3467.5;3560.8;20.538294;ETHEUR
2025-09-23 00:00:00;3560.8;3581.1;3489.5;3524.8;17.400705;ETHEUR
2025-09-24 00:00:00;3524.8;3581.8;3452.6;3537.6;15.674267;ETHEUR
2025-09-25 00:00:00;3537.6;3544.4;3281.4;3321.8;25.325467;ETHEUR
2025-09-26 00:00:00;3321.7;3478.1;3317.1;3444.8;20.36388;ETHEUR
2025-09-27 00:00:00;3444.4;3449.4;3394.7;3433.8;5.192143;ETHEUR
2025-09-28 00:00:00;3434.0;3541.7;3387.9;3541.0;9.540073;ETHEUR
2025-09-29 00:00:00;3540.7;3611.7;3478.5;3594.8;15.632583;ETHEUR
2025-09-30 00:00:00;3594.8;3620.7;3480.2;3532.5;18.760572;ETHEUR
2025-10-01 00:00:00;3532.4;3709.7;3502.8;3707.0;16.624742;ETHEUR
2025-10-02 00:00:00;3707.2;3853.4;3696.2;3826.6;15.724778;ETHEUR
2025-10-03 00:00:00;3826.5;3913.0;3774.2;3842.5;16.025968;ETHEUR
2025-10-04 00:00:00;3842.7;3847.4;3780.4;3820.7;0.741328;ETHEUR
2025-10-05 00:00:00;3820.7;3930.5;3804.1;3854.8;10.482415;ETHEUR
2025-10-06 00:00:00;3854.6;4044.1;3831.9;4001.9;15.794056;ETHEUR
2025-10-07 00:00:00;4001.8;4076.2;3803.2;3818.0;19.226009;ETHEUR
2025-10-08 00:00:00;3818.0;3927.4;3798.6;3892.4;22.105747;ETHEUR
2025-10-09 00:00:00;3892.5;3894.3;3694.5;3778.2;20.236455;ETHEUR
2025-10-10 00:00:00;3778.3;3798.9;3029.4;3299.7;38.670296;ETHEUR
2025-10-11 00:00:00;3299.0;3341.5;3140.2;3223.9;37.140799;ETHEUR
2025-10-12 00:00:00;3224.5;3611.1;3182.1;3581.8;49.895759;ETHEUR
2025-10-13 00:00:00;3582.1;3709.7;3493.8;3669.4;40.494985;ETHEUR
2025-10-14 00:00:00;3669.5;3690.0;3367.9;3555.2;40.548021;ETHEUR
2025-10-15 00:00:00;3555.3;3620.1;3377.7;3423.4;31.4383;ETHEUR
2025-10-16 00:00:00;3423.6;3504.4;3274.5;3329.1;38.796427;ETHEUR
2025-10-17 00:00:00;3329.0;3372.8;3144.0;3285.6;36.968884;ETHEUR
2025-10-18 00:00:00;3285.5;3369.3;3276.1;3335.1;4.110831;ETHEUR
2025-10-19 00:00:00;3334.9;3455.5;3284.8;3416.9;7.270537;ETHEUR
2025-10-20 00:00:00;3416.7;3501.2;3352.7;3416.0;15.671473;ETHEUR
2025-10-21 00:00:00;3415.9;3537.8;3301.1;3339.3;16.047173;ETHEUR
2025-10-22 00:00:00;3339.2;3352.4;3197.1;3277.7;15.412966;ETHEUR
2025-10-23 00:00:00;3278.2;3387.5;3271.2;3320.3;12.476419;ETHEUR
2025-10-24 00:00:00;3320.4;3453.0;3310.2;3381.6;14.21418;ETHEUR
2025-10-25 00:00:00;3381.6;3410.3;3363.1;3398.9;0.504042;ETHEUR
2025-10-26 00:00:00;3398.8;3590.6;3369.3;3574.6;5.605985;ETHEUR
2025-10-27 00:00:00;3574.6;3657.5;3515.2;3534.5;15.368724;ETHEUR
2025-10-28 00:00:00;3534.3;3581.8;3375.5;3413.4;15.93327;ETHEUR
2025-10-29 00:00:00;3413.4;3470.1;3314.1;3363.0;18.147466;ETHEUR
2025-10-30 00:00:00;3362.8;3398.7;3180.2;3286.2;19.288249;ETHEUR
2025-10-31 00:00:00;3286.3;3382.6;3279.7;3331.2;12.411468;ETHEUR
2025-11-01 00:00:00;3331.2;3386.1;3316.8;3355.8;5.965729;ETHEUR
2025-11-02 00:00:00;3355.8;3395.7;3325.3;3387.8;9.152674;ETHEUR
2025-11-03 00:00:00;3387.8;3394.8;3088.3;3126.9;27.539455;ETHEUR
2025-11-04 00:00:00;3127.6;3174.5;2663.3;2860.4;39.253561;ETHEUR
2025-11-05 00:00:00;2860.6;3028.7;2754.5;2978.2;26.334313;ETHEUR
2025-11-06 00:00:00;2977.9;3002.4;2810.4;2869.8;29.475915;ETHEUR
2025-11-07 00:00:00;2869.7;3000.6;2759.0;2967.2;42.492581;ETHEUR
2025-11-08 00:00:00;2967.0;3009.8;2896.7;2938.5;1.912706;ETHEUR
2025-11-09 00:00:00;2938.7;3130.6;2902.4;3103.3;12.596946;ETHEUR
2025-11-10 00:00:00;3102.9;3164.3;3036.7;3084.9;23.433713;ETHEUR
2025-11-11 00:00:00;3084.6;3156.4;2935.9;2948.1;25.110833;ETHEUR
2025-11-12 00:00:00;2947.8;3099.4;2907.3;2945.0;19.864053;ETHEUR
2025-11-13 00:00:00;2945.0;3074.3;2709.3;2776.6;30.123311;ETHEUR
2025-11-14 00:00:00;2776.7;2800.4;2634.8;2674.0;29.310285;ETHEUR
2025-11-15 00:00:00;2674.4;2777.0;2673.2;2723.8;6.781203;ETHEUR
2025-11-16 00:00:00;2723.6;2791.9;2581.4;2663.1;25.545228;ETHEUR
2025-11-17 00:00:00;2661.1;2775.0;2549.8;2611.1;62.080006;ETHEUR
2025-11-18 00:00:00;2611.4;2734.9;2538.5;2695.6;65.389308;ETHEUR
2025-11-19 00:00:00;2695.5;2698.0;2489.6;2619.8;58.62148;ETHEUR
2025-11-20 00:00:00;2618.3;2657.6;2416.0;2453.3;81.495185;ETHEUR
2025-11-21 00:00:00;2454.8;2501.3;2279.0;2398.0;139.177703;ETHEUR
2025-11-22 00:00:00;2398.2;2429.3;2345.7;2404.2;35.944135;ETHEUR
2025-11-23 00:00:00;2404.0;2480.8;2401.3;2433.3;36.66492;ETHEUR
2025-11-24 00:00:00;2434.7;2589.2;2400.0;2562.9;49.319386;ETHEUR
2025-11-25 00:00:00;2562.3;2574.5;2466.9;2557.9;36.594901;ETHEUR
2025-11-26 00:00:00;2557.8;2624.9;2495.3;2608.4;28.518535;ETHEUR
2025-11-27 00:00:00;2607.9;2644.4;2574.9;2598.9;21.296808;ETHEUR
2025-11-28 00:00:00;2598.9;2676.1;2581.7;2611.4;27.254637;ETHEUR
2025-11-29 00:00:00;2611.1;2629.9;2554.3;2576.5;5.63537;ETHEUR
2025-12-01 00:00:00;2439.7;2455.0;2338.4;2410.9;18.277546;ETHEUR
2025-12-02 00:00:00;2410.9;2612.9;2395.0;2576.7;27.026712;ETHEUR
2025-12-03 00:00:00;2576.8;2753.0;2565.9;2732.4;29.866664;ETHEUR
2025-12-04 00:00:00;2733.0;2777.4;2632.9;2691.1;29.028778;ETHEUR
2025-12-05 00:00:00;2691.0;2740.0;2564.3;2593.9;27.778305;ETHEUR
2025-12-06 00:00:00;2593.9;2634.6;2586.1;2608.9;4.865323;ETHEUR
2025-12-07 00:00:00;2608.9;2704.1;2503.6;2628.2;8.58405;ETHEUR
2025-12-08 00:00:00;2627.9;2727.8;2611.7;2683.3;23.491954;ETHEUR
2025-12-09 00:00:00;2683.2;2918.6;2653.6;2853.1;22.403714;ETHEUR
2025-12-10 00:00:00;2852.5;2945.7;2827.9;2840.7;24.917434;ETHEUR
2025-12-11 00:00:00;2840.8;2843.7;2680.7;2756.8;25.679583;ETHEUR
2025-12-12 00:00:00;2756.4;2782.0;2594.5;2626.1;23.156348;ETHEUR
2025-12-13 00:00:00;2626.3;2669.5;2620.8;2652.1;3.711367;ETHEUR
2025-12-14 00:00:00;2652.2;2664.8;2577.9;2608.5;7.245677;ETHEUR
2025-12-15 00:00:00;2609.2;2704.4;2465.4;2521.9;24.871784;ETHEUR
2025-12-16 00:00:00;2521.7;2532.9;2448.1;2520.1;27.66891;ETHEUR
2025-12-17 00:00:00;2520.5;2578.4;2374.3;2412.1;31.346669;ETHEUR
2025-12-18 00:00:00;2412.6;2555.0;2365.1;2411.0;33.591002;ETHEUR
2025-12-19 00:00:00;2411.8;2574.6;2394.5;2541.1;36.103016;ETHEUR
2025-12-20 00:00:00;2541.1;2554.1;2532.1;2541.4;2.616512;ETHEUR
2025-12-21 00:00:00;2541.5;2571.1;2511.8;2562.7;6.093762;ETHEUR
2025-12-22 00:00:00;2562.9;2619.6;2519.3;2557.0;29.10049;ETHEUR
2025-12-23 00:00:00;2556.2;2579.4;2462.8;2512.3;36.227152;ETHEUR
2025-12-24 00:00:00;2513.2;2522.7;2449.5;2497.7;33.851686;ETHEUR
2025-12-25 00:00:00;2497.4;2517.8;2451.2;2462.2;1.621766;ETHEUR
2025-12-26 00:00:00;2462.8;2540.0;2452.2;2482.9;33.80055;ETHEUR
2025-12-27 00:00:00;2483.2;2512.0;2475.0;2502.5;2.332204;ETHEUR
2025-12-28 00:00:00;2502.2;2512.1;2482.0;2503.8;4.854288;ETHEUR
2025-12-29 00:00:00;2504.7;2595.6;2470.2;2492.8;35.359378;ETHEUR
2025-12-30 00:00:00;2493.1;2555.2;2475.5;2528.3;32.993754;ETHEUR
2025-12-31 00:00:00;2528.3;2575.0;2517.7;2547.8;19.848722;ETHEUR
2026-01-01 00:00:00;2534.5;2559.7;2530.4;2551.8;1.413648;ETHEUR
2026-01-02 00:00:00;2553.9;2682.8;2540.3;2663.7;31.4159;ETHEUR
2026-01-03 00:00:00;2663.6;2672.8;2621.9;2666.3;0.538328;ETHEUR
2026-01-04 00:00:00;2666.1;2699.9;2658.5;2684.4;7.857082;ETHEUR
2026-01-05 00:00:00;2684.6;2782.8;2681.1;2752.3;30.875818;ETHEUR
2026-01-06 00:00:00;2752.3;2825.7;2718.0;2819.4;27.629912;ETHEUR
2026-01-07 00:00:00;2820.2;2820.2;2672.7;2709.8;36.704384;ETHEUR
2026-01-08 00:00:00;2709.9;2725.4;2615.0;2661.9;35.978467;ETHEUR
2026-01-09 00:00:00;2662.9;2699.6;2627.4;2648.4;32.662486;ETHEUR
2026-01-10 00:00:00;2648.0;2663.6;2639.4;2646.8;2.772776;ETHEUR
2026-01-11 00:00:00;2647.0;2701.1;2643.8;2681.5;6.54208;ETHEUR
2026-01-12 00:00:00;2681.8;2717.4;2620.0;2649.1;35.443154;ETHEUR
2026-01-13 00:00:00;2650.3;2894.8;2647.0;2854.0;31.433772;ETHEUR
2026-01-14 00:00:00;2854.9;2920.6;2813.7;2880.4;27.985202;ETHEUR
2026-01-15 00:00:00;2880.3;2915.8;2814.1;2857.4;23.836912;ETHEUR
2026-01-16 00:00:00;2857.4;2865.8;2803.0;2838.8;26.369866;ETHEUR
2026-01-17 00:00:00;2839.0;2868.0;2826.6;2850.9;1.009376;ETHEUR
2026-01-18 00:00:00;2850.8;2901.2;2818.2;2819.9;0.147864;ETHEUR
2026-01-19 00:00:00;2822.5;2823.1;2716.0;2736.8;0.18405;ETHEUR
2026-01-20 00:00:00;2736.7;2746.6;2481.9;2503.2;24.118244;ETHEUR
2026-01-21 00:00:00;2504.4;2624.7;2444.3;2552.0;39.999734;ETHEUR
2026-01-22 00:00:00;2553.0;2598.0;2474.5;2508.0;36.773704;ETHEUR
2026-01-23 00:00:00;2508.0;2559.2;2458.7;2494.0;36.337222;ETHEUR
2026-01-24 00:00:00;2494.1;2505.7;2483.4;2492.4;3.336114;ETHEUR
2026-01-25 00:00:00;2492.3;2498.2;2340.3;2372.2;8.960276;ETHEUR
2026-01-26 00:00:00;2371.9;2482.4;2369.7;2464.9;32.86408;ETHEUR
2026-01-27 00:00:00;2464.0;2521.5;2428.2;2513.8;36.086172;ETHEUR
2026-01-28 00:00:00;2513.7;2541.6;2486.7;2508.3;21.205634;ETHEUR
2026-01-29 00:00:00;2508.6;2511.8;2298.7;2353.6;3.662612;ETHEUR
2026-01-30 00:00:00;2353.3;2358.1;2217.9;2279.1;2.717348;ETHEUR
2026-01-31 00:00:00;2278.8;2285.4;1891.1;2065.0;0.360836;ETHEUR
2026-02-01 00:00:00;2065.1;2085.4;1873.4;1911.9;0.428584;ETHEUR
2026-02-02 00:00:00;1911.4;2026.9;1818.5;1985.9;0.610466;ETHEUR
2026-02-03 00:00:00;1984.3;1995.3;1783.0;1886.3;0.649334;ETHEUR
2026-02-04 00:00:00;1886.4;1937.6;1755.3;1814.7;1.543558;ETHEUR
2026-02-05 00:00:00;1814.7;1835.4;1539.0;1546.4;5.095566;ETHEUR
2026-02-06 00:00:00;1546.1;1766.4;1480.4;1743.3;23.305466;ETHEUR
2026-02-07 00:00:00;1743.1;1790.6;1685.4;1763.7;5.830052;ETHEUR
2026-02-08 00:00:00;1764.2;1818.0;1746.0;1763.0;0.224278;ETHEUR
2026-02-09 00:00:00;1764.3;1798.4;1683.5;1765.7;0.489648;ETHEUR
2026-02-10 00:00:00;1765.9;1781.6;1666.5;1699.0;0.281704;ETHEUR
2026-02-11 00:00:00;1698.6;1704.2;1601.8;1632.5;0.343625;ETHEUR
2026-02-12 00:00:00;1630.9;1681.8;1596.8;1638.0;0.294248;ETHEUR
2026-02-13 00:00:00;1638.1;1742.8;1620.6;1723.4;0.279191;ETHEUR
2026-02-14 00:00:00;1723.4;1772.5;1717.9;1754.8;0.141729;ETHEUR
2026-02-15 00:00:00;1754.7;1768.7;1622.5;1652.7;0.23708;ETHEUR
2026-02-16 00:00:00;1653.3;1703.8;1632.2;1683.8;0.207568;ETHEUR
2026-02-17 00:00:00;1683.6;1698.9;1641.9;1678.3;0.533972;ETHEUR
2026-02-18 00:00:00;1678.3;1720.3;1630.1;1656.8;0.22679;ETHEUR
2026-02-19 00:00:00;1656.9;1682.5;1619.2;1653.7;0.279416;ETHEUR
2026-02-20 00:00:00;1652.3;1678.3;1633.5;1668.0;0.380791;ETHEUR
2026-02-21 00:00:00;1667.6;1690.6;1657.4;1672.1;0.098912;ETHEUR
2026-02-22 00:00:00;1671.7;1680.1;1639.5;1651.0;0.097786;ETHEUR
2026-02-23 00:00:00;1652.4;1653.0;1555.7;1571.8;0.285583;ETHEUR
2026-02-24 00:00:00;1571.6;1583.1;1528.1;1570.9;0.237571;ETHEUR
2026-02-25 00:00:00;1571.1;1815.5;1566.3;1738.6;13.940284;ETHEUR
2026-02-26 00:00:00;1738.6;1762.6;1675.1;1714.9;14.75145;ETHEUR
2026-02-27 00:00:00;1714.8;1744.5;1595.4;1631.2;14.032534;ETHEUR
2026-02-28 00:00:00;1631.2;1677.0;1551.8;1659.9;9.11085;ETHEUR
2026-03-01 00:00:00;1659.6;1735.6;1611.5;1646.0;13.535513;ETHEUR
2026-03-02 00:00:00;1646.0;1784.5;1638.3;1732.0;13.611432;ETHEUR
2026-03-03 00:00:00;1730.4;1742.9;1663.9;1706.1;1.790325;ETHEUR
2026-03-04 00:00:00;1706.3;1889.7;1675.0;1827.2;0.571364;ETHEUR
2026-03-05 00:00:00;1825.8;1862.1;1772.8;1784.5;0.45147;ETHEUR
2026-03-06 00:00:00;1783.1;1800.3;1684.9;1700.9;0.517383;ETHEUR
2026-03-07 00:00:00;1701.1;1715.8;1682.4;1693.1;0.097595;ETHEUR
2026-03-08 00:00:00;1693.2;1701.7;1654.8;1677.7;0.161372;ETHEUR
2026-03-09 00:00:00;1677.8;1766.1;1673.9;1714.1;0.741921;ETHEUR
2026-03-10 00:00:00;1712.2;1791.4;1712.2;1752.4;0.434427;ETHEUR
2026-03-11 00:00:00;1752.3;1800.7;1724.8;1776.5;0.517313;ETHEUR
2026-03-12 00:00:00;1776.3;1815.9;1747.5;1798.3;0.3769;ETHEUR
2026-03-13 00:00:00;1798.3;1923.2;1795.3;1831.3;0.350806;ETHEUR
2026-03-14 00:00:00;1830.4;1842.7;1804.1;1834.5;0.273978;ETHEUR
2026-03-15 00:00:00;1834.7;1925.5;1823.4;1901.8;0.129574;ETHEUR
2026-03-16 00:00:00;1903.4;2071.4;1889.3;2044.5;0.303667;ETHEUR
2026-03-17 00:00:00;2044.4;2065.4;1996.5;2007.2;0.286274;ETHEUR
2026-03-18 00:00:00;2007.1;2036.4;1876.9;1920.5;0.338202;ETHEUR
2026-03-19 00:00:00;1920.5;1944.4;1822.4;1845.2;0.562293;ETHEUR
2026-03-20 00:00:00;1844.9;1879.1;1828.7;1852.2;0.324626;ETHEUR
2026-03-21 00:00:00;1852.2;1870.9;1787.5;1799.5;0.160336;ETHEUR
2026-03-22 00:00:00;1798.9;1835.0;1753.6;1773.0;0.195461;ETHEUR
2026-03-23 00:00:00;1774.2;1895.1;1752.1;1851.6;2.990896;ETHEUR
2026-03-24 00:00:00;1850.3;1874.2;1815.8;1854.3;0.863017;ETHEUR
2026-03-25 00:00:00;1854.3;1895.5;1845.8;1873.8;0.503352;ETHEUR
2026-03-26 00:00:00;1873.7;1877.5;1761.8;1783.4;0.479375;ETHEUR
2026-03-27 00:00:00;1783.6;1797.8;1707.8;1728.9;0.341007;ETHEUR
2026-03-28 00:00:00;1728.7;1773.6;1720.4;1730.3;0.10701;ETHEUR
2026-03-29 00:00:00;1730.3;1751.4;1684.5;1723.9;0.107363;ETHEUR
2026-03-30 00:00:00;1723.7;1811.8;1719.8;1764.3;6.476233;ETHEUR
2026-03-31 00:00:00;1764.1;1833.6;1750.5;1816.4;8.213332;ETHEUR
2026-04-01 00:00:00;1816.4;1866.3;1798.5;1844.9;0.549566;ETHEUR
2026-04-02 00:00:00;1845.2;1860.2;1748.3;1780.7;0.649073;ETHEUR
2026-04-03 00:00:00;1780.9;1802.9;1768.1;1779.9;0.203296;ETHEUR
2026-04-04 00:00:00;1779.7;1806.0;1771.9;1789.9;0.142511;ETHEUR
2026-04-05 00:00:00;1789.9;1841.5;1752.4;1830.5;0.148611;ETHEUR
2026-04-06 00:00:00;1830.9;1879.2;1807.5;1824.4;0.367841;ETHEUR
2026-04-07 00:00:00;1824.1;1943.9;1780.0;1914.8;0.693496;ETHEUR
2026-04-08 00:00:00;1914.5;1936.5;1867.5;1877.0;0.532502;ETHEUR
2026-04-09 00:00:00;1876.9;1917.4;1844.7;1871.8;0.382293;ETHEUR
2026-04-10 00:00:00;1871.7;1924.2;1861.3;1913.4;0.346306;ETHEUR
2026-04-11 00:00:00;1913.2;1985.4;1899.7;1947.5;0.135754;ETHEUR
2026-04-12 00:00:00;1947.5;1950.4;1854.4;1875.5;0.153191;ETHEUR
2026-04-13 00:00:00;1875.4;2033.7;1859.7;2012.5;0.346512;ETHEUR
2026-04-14 00:00:00;2012.5;2045.8;1952.6;1967.5;0.284275;ETHEUR
2026-04-15 00:00:00;1967.5;2020.5;1958.0;1998.0;0.269605;ETHEUR
2026-04-16 00:00:00;1997.9;2005.7;1939.5;1992.1;0.274582;ETHEUR
2026-04-17 00:00:00;1990.8;2088.6;1966.1;2054.9;0.504292;ETHEUR
2026-04-18 00:00:00;2054.7;2062.1;1987.4;1996.4;0.118686;ETHEUR
2026-04-19 00:00:00;1996.5;2000.6;1918.7;1926.6;0.170893;ETHEUR
2026-04-20 00:00:00;1927.2;1989.8;1924.3;1962.6;0.354385;ETHEUR
2026-04-21 00:00:00;1962.5;1986.4;1948.1;1980.6;0.390671;ETHEUR
2026-04-22 00:00:00;1980.9;2064.6;1969.5;2027.5;0.3268;ETHEUR
2026-04-23 00:00:00;2027.5;2032.4;1957.2;1993.6;0.468892;ETHEUR
2026-04-24 00:00:00;1993.8;1999.5;1965.3;1973.9;0.431537;ETHEUR
2026-04-25 00:00:00;1973.5;1980.4;1961.8;1977.2;0.113348;ETHEUR
2026-04-26 00:00:00;1977.3;2031.8;1966.6;2023.2;0.112724;ETHEUR
2026-04-27 00:00:00;2023.2;2049.6;1930.0;1963.2;0.250237;ETHEUR
2026-04-28 00:00:00;1963.3;1970.1;1929.4;1952.1;0.402992;ETHEUR
2026-04-29 00:00:00;1952.0;2004.3;1899.7;1926.0;0.433371;ETHEUR
2026-04-30 00:00:00;1925.8;1949.1;1911.8;1922.9;0.585629;ETHEUR
2026-05-01 00:00:00;1921.3;1973.1;1921.1;1956.3;0.433356;ETHEUR
2026-05-02 00:00:00;1956.2;1995.9;1953.7;1974.4;0.10573;ETHEUR
2026-05-03 00:00:00;1974.5;2006.9;1957.9;1979.1;0.103098;ETHEUR
2026-05-04 00:00:00;1979.0;2043.0;1967.7;2005.4;0.753131;ETHEUR
2026-05-05 00:00:00;2005.8;2048.7;2003.9;2013.6;0.373554;ETHEUR
2026-05-06 00:00:00;2013.4;2055.3;1988.2;1999.5;0.528745;ETHEUR
2026-05-07 00:00:00;1999.5;2000.2;1938.4;1951.2;0.446692;ETHEUR
2026-05-08 00:00:00;1951.5;1969.0;1923.8;1955.6;0.31734;ETHEUR
2026-05-09 00:00:00;1955.7;1981.5;1932.3;1971.8;0.114703;ETHEUR
2026-05-10 00:00:00;1971.9;2023.3;1964.9;2013.2;0.054849;ETHEUR
2026-05-11 00:00:00;2013.5;2016.0;1952.4;1984.5;0.296557;ETHEUR
2026-05-12 00:00:00;1984.6;1985.5;1921.6;1936.5;0.338908;ETHEUR
2026-05-13 00:00:00;1935.0;1983.8;1905.3;1925.8;0.282204;ETHEUR
2026-05-14 00:00:00;1925.7;1984.5;1908.9;1956.3;0.31676;ETHEUR
2026-05-15 00:00:00;1956.3;1971.4;1895.1;1910.4;0.550618;ETHEUR
2026-05-16 00:00:00;1910.1;1916.4;1857.7;1873.1;0.203892;ETHEUR
2026-05-17 00:00:00;1873.4;1888.1;1799.0;1832.2;0.190149;ETHEUR
2026-05-18 00:00:00;1832.1;1848.6;1782.8;1824.7;0.731735;ETHEUR
2026-05-19 00:00:00;1823.7;1840.3;1803.3;1816.4;0.413231;ETHEUR
2026-05-20 00:00:00;1816.7;1845.2;1809.4;1828.9;0.678588;ETHEUR
2026-05-21 00:00:00;1828.9;1850.7;1814.7;1833.6;0.491221;ETHEUR
2026-05-22 00:00:00;1833.4;1841.0;1769.4;1776.4;0.482182;ETHEUR
2026-05-23 00:00:00;1776.6;1847.9;1727.8;1820.7;0.196742;ETHEUR
2026-05-24 00:00:00;1820.8;1832.1;1769.6;1800.1;0.12447;ETHEUR
2026-05-25 00:00:00;1798.9;1836.7;1794.4;1812.7;0.176213;ETHEUR
2026-05-26 00:00:00;1812.7;1838.2;1764.4;1778.2;0.374894;ETHEUR
2026-05-27 00:00:00;1778.2;1796.2;1728.7;1738.9;1.483866;ETHEUR
2026-05-28 00:00:00;1738.8;1742.2;1687.9;1720.9;0.876574;ETHEUR
2026-05-29 00:00:00;1720.9;1747.9;1694.0;1723.3;0.499685;ETHEUR
2026-05-30 00:00:00;1723.4;1738.3;1713.0;1730.1;0.114485;ETHEUR
2026-05-31 00:00:00;1730.5;1742.9;1705.8;1719.0;0.143304;ETHEUR
2026-06-01 00:00:00;1717.7;1731.3;1681.3;1720.9;0.752752;ETHEUR
2026-06-02 00:00:00;1721.0;1721.0;1579.1;1596.8;0.500267;ETHEUR
2026-06-03 00:00:00;1596.9;1625.1;1523.8;1558.1;0.584717;ETHEUR
2026-06-04 00:00:00;1558.3;1564.6;1477.4;1521.6;0.612361;ETHEUR
2026-06-05 00:00:00;1519.9;1525.2;1335.3;1371.8;1.715122;ETHEUR
2026-06-06 00:00:00;1371.3;1387.0;1304.6;1359.6;0.261591;ETHEUR
2026-06-07 00:00:00;1359.5;1492.1;1354.7;1464.7;0.251991;ETHEUR
2026-06-08 00:00:00;1465.0;1484.2;1424.8;1464.1;0.856193;ETHEUR
2026-06-09 00:00:00;1462.7;1469.6;1396.1;1419.0;0.847384;ETHEUR
2026-06-10 00:00:00;1418.8;1438.9;1388.1;1403.3;0.94193;ETHEUR
2026-06-11 00:00:00;1403.2;1462.9;1401.4;1443.2;1.57655;ETHEUR
2026-06-12 00:00:00;1443.2;1458.7;1425.0;1438.0;1.066817;ETHEUR
2026-06-13 00:00:00;1437.8;1464.2;1432.7;1450.5;0.285946;ETHEUR
2026-06-14 00:00:00;1450.7;1490.1;1428.0;1485.0;0.1048;ETHEUR
2026-06-15 00:00:00;1483.5;1592.4;1471.9;1547.5;0.283247;ETHEUR
2026-06-16 00:00:00;1547.2;1583.7;1516.9;1541.9;0.266126;ETHEUR
2026-06-17 00:00:00;1542.0;1555.8;1498.3;1518.8;1.999961;ETHEUR
2026-06-18 00:00:00;1519.0;1528.0;1454.2;1490.7;0.711696;ETHEUR
2026-06-19 00:00:00;1490.5;1497.4;1462.0;1488.7;0.301955;ETHEUR
2026-06-20 00:00:00;1487.8;1522.0;1479.6;1514.4;0.68656;ETHEUR
2026-06-21 00:00:00;1514.3;1514.7;1482.2;1486.5;0.145301;ETHEUR
2026-06-22 00:00:00;1484.6;1552.9;1484.6;1509.7;0.449702;ETHEUR
2026-06-23 00:00:00;1509.8;1516.9;1432.3;1462.2;0.423542;ETHEUR
2026-06-24 00:00:00;1462.3;1488.5;1365.5;1425.6;0.331377;ETHEUR
2026-06-25 00:00:00;1425.7;1459.0;1345.4;1375.9;0.876103;ETHEUR
2026-06-26 00:00:00;1376.2;1394.6;1327.6;1382.9;0.467089;ETHEUR
2026-06-27 00:00:00;1382.9;1410.8;1369.2;1378.8;0.110015;ETHEUR
2026-06-28 00:00:00;1378.6;1391.3;1356.5;1376.9;0.124444;ETHEUR
2026-06-29 00:00:00;1376.9;1429.1;1358.4;1408.9;0.334884;ETHEUR
2026-06-30 00:00:00;1408.9;1410.0;1357.4;1373.7;0.321333;ETHEUR
2026-07-01 00:00:00;1373.8;1443.0;1358.1;1411.4;0.296386;ETHEUR
2026-07-02 00:00:00;1411.6;1502.1;1400.7;1485.5;0.300406;ETHEUR
2026-07-03 00:00:00;1484.1;1548.6;1478.9;1533.3;0.199174;ETHEUR
2026-07-04 00:00:00;1533.1;1575.9;1521.2;1553.1;0.114122;ETHEUR
2026-07-05 00:00:00;1553.4;1577.6;1526.3;1558.3;0.119533;ETHEUR
2026-07-06 00:00:00;1557.3;1599.1;1511.7;1570.0;0.244792;ETHEUR
2026-07-07 00:00:00;1570.2;1583.4;1534.4;1550.7;0.220475;ETHEUR
2026-07-08 00:00:00;1550.6;1561.0;1499.5;1523.7;0.341932;ETHEUR
2026-07-09 00:00:00;1523.4;1537.3;1504.5;1523.6;0.184021;ETHEUR
2026-07-10 00:00:00;1523.8;1582.9;1516.5;1570.7;0.195394;ETHEUR
2026-07-11 00:00:00;1570.7;1599.2;1561.9;1562.9;0.093549;ETHEUR
2026-07-12 00:00:00;1562.2;1596.6;1555.7;1581.5;0.108427;ETHEUR
2026-07-13 00:00:00;1581.7;1614.8;1534.5;1557.2;0.21673;ETHEUR
2026-07-14 00:00:00;1557.0;1657.3;1554.4;1653.0;0.207764;ETHEUR
2026-07-15 00:00:00;1653.1;1699.6;1626.8;1669.5;0.194472;ETHEUR
2026-07-16 00:00:00;1667.9;1679.6;1620.2;1626.2;0.190143;ETHEUR
2026-07-17 00:00:00;1626.1;1631.4;1575.1;1607.1;0.88767;ETHEUR
2026-07-18 00:00:00;1607.2;1628.2;1603.2;1625.3;0.095255;ETHEUR
2026-07-19 00:00:00;1625.2;1639.6;1616.8;1635.5;0.128104;ETHEUR
2026-07-20 00:00:00;1635.4;1677.1;1608.5;1665.7;0.390077;ETHEUR
2026-07-21 00:00:00;1665.7;1706.0;1662.1;1690.1;0.241594;ETHEUR
2026-07-22 00:00:00;1689.9;1712.1;1672.2;1692.4;0.266823;ETHEUR
2026-07-23 00:00:00;1692.4;1698.5;1639.9;1648.2;0.247588;ETHEUR
2026-07-24 00:00:00;1648.4;1673.0;1621.0;1634.1;0.273128;ETHEUR
2026-07-25 00:00:00;1634.2;1647.6;1624.6;1645.6;0.109722;ETHEUR
2026-07-26 00:00:00;1645.7;1723.2;1644.8;1712.1;0.133311;ETHEUR
2026-07-27 00:00:00;1712.4;1734.3;1652.8;1661.3;0.20618;ETHEUR
2026-07-28 00:00:00;1661.4;1689.6;1630.8;1684.4;0.192988;ETHEUR
2026-07-29 00:00:00;1684.3;1690.3;1632.2;1662.7;0.399114;ETHEUR
2026-07-30 00:00:00;1662.6;1679.1;1649.5;1661.9;0.764859;ETHEUR
2026-07-31 00:00:00;1661.7;1677.8;1608.2;1612.2;0.3155;ETHEUR
2026-08-01 00:00:00;1612.2;1623.4;1577.5;1597.1;0.119173;ETHEUR
2026-08-02 00:00:00;1597.3;1640.4;1595.9;1629.8;0.14708;ETHEUR
2026-08-03 00:00:00;1629.6;1631.0;1583.5;1613.7;0.256669;ETHEUR
2026-08-04 00:00:00;1613.8;1629.9;1602.4;1618.3;0.23259;ETHEUR
2026-08-05 00:00:00;1618.3;1664.9;1603.9;1648.5;0.228654;ETHEUR
2026-08-06 00:00:00;1648.6;1662.5;1636.6;1649.2;0.207109;ETHEUR
2026-08-07 00:00:00;1649.2;1676.8;1640.8;1653.3;0.219898;ETHEUR
2026-08-08 00:00:00;1653.0;1663.5;1650.2;1654.9;0.255472;ETHEUR
2026-08-09 00:00:00;1652.7;1673.7;1647.6;1650.3;0.371255;ETHEUR
2026-08-10 00:00:00;1650.4;1668.1;1614.8;1619.0;0.211269;ETHEUR
2026-08-11 00:00:00;1619.0;1641.4;1603.6;1627.7;0.194569;ETHEUR
2026-08-12 00:00:00;1627.5;1663.4;1621.8;1626.9;0.264435;ETHEUR
2026-08-13 00:00:00;1627.1;1645.3;1613.5;1632.2;0.257153;ETHEUR
2026-08-14 00:00:00;1632.3;1636.4;1606.4;1623.3;0.243946;ETHEUR
2026-08-15 00:00:00;1623.6;1627.3;1616.9;1623.8;0.261297;ETHEUR
2026-08-16 00:00:00;1623.8;1631.7;1611.9;1617.4;0.349022;ETHEUR
2026-08-17 00:00:00;1617.6;1653.5;1613.6;1649.0;0.226418;ETHEUR
2026-08-18 00:00:00;1648.9;1657.0;1625.9;1653.9;0.190648;ETHEUR
2026-08-19 00:00:00;1654.0;1995.9;1641.6;1927.0;0.855545;ETHEUR
2026-08-20 00:00:00;1926.9;2019.0;1901.2;1988.8;0.524376;ETHEUR
2026-08-21 00:00:00;1988.5;2178.4;1987.1;2152.0;0.5958;ETHEUR
2026-08-22 00:00:00;2152.5;2163.4;2039.8;2071.9;0.311577;ETHEUR
2026-08-23 00:00:00;2072.2;2125.6;2016.0;2106.8;0.283295;ETHEUR
2026-08-24 00:00:00;2106.5;2168.0;2073.7;2125.5;0.52536;ETHEUR
2026-08-25 00:00:00;2125.3;2168.9;2067.3;2090.1;0.336789;ETHEUR
2026-08-26 00:00:00;2090.5;2156.6;2084.4;2149.2;0.242037;ETHEUR
2026-08-27 00:00:00;2149.1;2201.6;2127.2;2153.2;0.265708;ETHEUR
2026-08-28 00:00:00;2153.4;2174.4;2075.4;2106.6;0.458493;ETHEUR
2026-08-29 00:00:00;2106.4;2121.4;2096.0;2119.2;0.100195;ETHEUR
2026-08-30 00:00:00;2119.4;2185.8;2059.0;2083.8;0.447669;ETHEUR
2026-08-31 00:00:00;2082.8;2141.0;2069.6;2121.8;0.273895;ETHEUR
2026-09-01 00:00:00;2121.8;2138.8;2054.1;2083.8;0.279319;ETHEUR
2026-09-02 00:00:00;2084.7;2096.5;2034.3;2062.1;0.353501;ETHEUR
