formation,size,n_assets,top_asset_share,radius,diameter,freq_fit,freq_holdout,win_ret_median,medoid_asset,medoid_end
F001,23,16,0.17391304347826086,9.41559381190042,10.55453560869931,0.0011413259229853116,0.0044103992571959145,0.8178298189960768,JPM.USUSD,2024-04-23 15:00:00
F002,21,17,0.09523809523809523,9.62401974607401,10.677601498139966,0.0010420801905518062,0.0020891364902506965,-0.8656508643600195,MC.FREUR,2023-07-06 13:00:00
F003,18,14,0.1111111111111111,10.217861707183367,10.732870671799471,0.0008932115919015483,0.004526462395543176,-0.8544672179521888,ENEL.ITEUR,2024-01-22 10:00:00
F004,18,11,0.16666666666666666,9.434675972716168,10.573743739279292,0.0008932115919015483,0.0033658310120705665,0.8577768977322726,E_SandP-500,2024-01-09 06:00:00
F005,17,10,0.35294117647058826,10.409608207146304,10.648540776408442,0.0008435887256847955,0.01021355617455896,0.8153185397279871,ITA.IDXEUR,2023-09-20 15:00:00
F006,17,12,0.11764705882352941,8.915564621868935,9.957062226709452,0.0008435887256847955,0.004758588672237697,0.8508964830896163,GBR.IDXEUR,2024-07-25 06:00:00
F007,16,12,0.1875,9.36993891110862,10.651425393512904,0.0007939658594680428,0.002785515320334262,0.8588277470319896,GBR.IDXEUR,2025-01-30 18:00:00
F008,16,13,0.125,10.146933592096543,10.582643926311857,0.0007939658594680428,0.005803156917363045,-0.8136469617249567,E_Brent,2021-11-26 18:00:00
F009,15,12,0.13333333333333333,9.760634199682363,10.622243870171811,0.0007443429932512902,0.0016248839368616526,0.7678607983623309,GBR.IDXEUR,2025-02-06 03:00:00
F010,15,9,0.2,9.873300113237207,10.607473750768289,0.0007443429932512902,0.0016248839368616526,0.8175658635821098,EURUSD,2022-01-13 05:00:00
F011,15,13,0.13333333333333333,9.064534088473337,10.070999886214747,0.0007443429932512902,0.0008124419684308263,0.8224201872789532,FRA.IDXEUR,2024-01-26 14:00:00
F012,14,12,0.21428571428571427,9.382316952727301,10.454684938371326,0.0006947201270345375,0.002437325905292479,0.8167698119285796,SAN.ESEUR,2021-04-28 07:00:00
F013,14,10,0.21428571428571427,9.310709802869013,10.405896894652438,0.0006947201270345375,0.001392757660167131,0.9061158543135752,E_DAAX,2024-04-24 06:00:00
F014,14,11,0.21428571428571427,10.256956125594067,10.79603256540233,0.0006947201270345375,0.003481894150417827,0.8673097384662544,IBE.ESEUR,2021-10-28 10:00:00
F015,13,11,0.15384615384615385,9.85150401858673,10.810914631916049,0.0006450972608177849,0.002785515320334262,-0.6678235002478949,EURUSD,2022-01-25 13:00:00
F016,13,8,0.38461538461538464,9.09857472862131,10.665469066864976,0.0006450972608177849,0.0008124419684308263,0.7166617720146349,GBPUSD,2022-01-12 09:00:00
F017,13,9,0.23076923076923078,9.496945241567703,10.522380088636087,0.0006450972608177849,0.0029015784586815226,0.8571156795833702,IBE.ESEUR,2025-01-03 13:00:00
F018,13,10,0.15384615384615385,9.564768416677,10.41787802365499,0.0006450972608177849,0.0017409470752089136,0.700433734939759,SIE.DEEUR,2021-04-19 10:00:00
F019,13,9,0.23076923076923078,9.826786441975793,10.791331168173759,0.0006450972608177849,0.00255338904363974,0.7650535999391801,MC.FREUR,2022-10-04 10:00:00
F020,13,9,0.23076923076923078,9.65748708373507,10.649212442820946,0.0006450972608177849,0.0022051996285979572,-0.801772589710331,COPPER.CMDUSD,2023-03-07 14:00:00
F021,13,10,0.15384615384615385,9.875643908116977,10.687795636405037,0.0006450972608177849,0.001392757660167131,-0.8300961153384059,CAT.USUSD,2022-02-22 14:00:00
F022,13,9,0.15384615384615385,10.111135784143357,10.443775399900607,0.0006450972608177849,0.0035979572887650884,-0.6953405017921079,GBPUSD,2021-08-13 00:00:00
F023,13,11,0.15384615384615385,9.505010608812128,10.701516661576765,0.0006450972608177849,0.004062209842154132,0.8961236852863621,SAP.DEEUR,2024-01-22 12:00:00
F024,13,11,0.15384615384615385,9.672983537846722,10.722220539979652,0.0006450972608177849,0.00510677808727948,0.8912120898457729,ESP.IDXEUR,2022-12-21 14:00:00
F025,13,9,0.15384615384615385,9.442201382590902,10.532628129616613,0.0006450972608177849,0.0019730733519034353,0.8070735090152573,E_SandP-500,2022-05-30 10:00:00
F026,12,9,0.25,9.152991845391172,10.444495029027713,0.0005954743946010321,0.00127669452181987,-0.8278064241409736,E_DAAX,2023-08-02 07:00:00
F027,12,9,0.16666666666666666,10.124611254300538,10.781729928665197,0.0005954743946010321,0.0035979572887650884,-0.6740375080138087,ITA.IDXEUR,2025-03-04 20:00:00
F028,12,9,0.25,10.20589315027432,10.8091518380498,0.0005954743946010321,0.0016248839368616526,0.776851612731069,EUS.IDXEUR,2022-02-09 16:00:00
F029,12,9,0.25,9.822816896248021,10.281109576379535,0.0005954743946010321,0.004178272980501393,0.7592860936671748,ITA.IDXEUR,2024-11-14 20:00:00
F030,12,7,0.3333333333333333,8.671175546128781,10.098191604798892,0.0005954743946010321,0.0005803156917363045,0.7802280119314466,GBPUSD,2021-10-19 12:00:00
F031,12,11,0.16666666666666666,9.690082160408972,10.756936166518125,0.0005954743946010321,0.0015088207985143919,-0.7543580012876393,COPPER.CMDUSD,2023-08-08 13:00:00
F032,12,10,0.16666666666666666,10.095825735148688,10.795128982107482,0.0005954743946010321,0.008124419684308264,-0.7542723382062024,EUS.IDXEUR,2024-09-03 19:00:00
F033,12,10,0.16666666666666666,9.474355145384974,10.262351662586159,0.0005954743946010321,0.0030176415970287838,-0.8162027165758512,HSBA.GBGBX,2023-10-23 10:00:00
F034,12,9,0.25,9.532825357384695,10.20088459989345,0.0005954743946010321,0.003481894150417827,0.7943202845264722,UCG.ITEUR,2023-03-22 09:00:00
F035,12,9,0.25,9.58938592443448,10.684800873321024,0.0005954743946010321,0.0016248839368616526,0.8655080049261079,ITA.IDXEUR,2022-11-18 19:00:00
F036,12,7,0.3333333333333333,10.294685821940885,10.698811691989164,0.0005954743946010321,0.0017409470752089136,-0.8332342162787432,GBPUSD,2021-11-11 05:00:00
F037,12,7,0.25,10.367477329051592,10.806024055567976,0.0005954743946010321,0.005571030640668524,0.7438629178491954,HSBA.GBGBX,2023-03-22 12:00:00
F038,12,9,0.25,9.5052299358933,10.79789735449898,0.0005954743946010321,0.0030176415970287838,-0.8341663540016846,E_DAAX,2023-07-06 23:00:00
F039,12,11,0.16666666666666666,9.77792753900242,10.820205401784893,0.0005954743946010321,0.0017409470752089136,-0.8790969940683617,PG.USUSD,2021-04-26 13:00:00
F040,12,10,0.16666666666666666,10.000089602110727,10.452011341797375,0.0005954743946010321,0.003946146703806871,-0.7336452745748616,ETHEUR,2024-10-31 21:00:00
F041,12,10,0.25,10.389780747492381,10.507957422714197,0.0005954743946010321,0.0032497678737233053,0.7124496282688895,ALV.DEEUR,2024-10-15 09:00:00
F042,12,10,0.16666666666666666,9.35477353309199,10.143886485286538,0.0005954743946010321,0.0015088207985143919,-0.7775174754398408,ALV.DEEUR,2021-07-19 14:00:00
F043,11,10,0.18181818181818182,9.870987298139191,10.392850580370116,0.0005458515283842794,0.002321262766945218,-0.8572006574788189,NVDA.USUSD,2022-06-13 14:00:00
F044,11,10,0.18181818181818182,8.994475867071026,10.492759986172068,0.0005458515283842794,0.0016248839368616526,0.7559444421289571,ENI.ITEUR,2021-02-16 08:00:00
F045,11,11,0.09090909090909091,9.124280960950571,10.083939443271953,0.0005458515283842794,0.0018570102135561746,0.9050029199922134,E_DAAX,2024-04-28 22:00:00
F046,11,8,0.36363636363636365,10.018987995798607,10.272592660275837,0.0005458515283842794,0.002437325905292479,-0.7309417040358761,E_SandP-500,2024-10-23 17:00:00
F047,11,7,0.2727272727272727,9.470391305464661,10.484043798368631,0.0005458515283842794,0.004526462395543176,0.8604425465838521,ASML.NLEUR,2022-05-30 09:00:00
F048,11,11,0.09090909090909091,9.664483105269342,10.458154163026842,0.0005458515283842794,0.0017409470752089136,0.8118214068154955,HSBA.GBGBX,2021-10-07 09:00:00
F049,11,8,0.2727272727272727,9.632098199795957,10.815653305608462,0.0005458515283842794,0.0022051996285979572,0.7197188921041718,E_Brent,2024-06-11 09:00:00
F050,11,8,0.2727272727272727,9.886573635462561,10.560890406369575,0.0005458515283842794,0.003481894150417827,0.6573692636072574,GBPUSD,2022-06-17 00:00:00
F051,11,9,0.18181818181818182,10.18944421643677,10.54886717038856,0.0005458515283842794,0.004178272980501393,0.6907847372210215,FRA.IDXEUR,2022-07-29 12:00:00
F052,11,9,0.18181818181818182,9.912312493107828,10.74054326156232,0.0005458515283842794,0.0020891364902506965,0.76847007852695,BTCEUR,2024-07-26 10:00:00
F053,11,9,0.2727272727272727,9.546436434615906,10.727867911946795,0.0005458515283842794,0.00127669452181987,-0.7703583962282936,FRA.IDXEUR,2023-07-17 17:00:00
F054,11,8,0.36363636363636365,9.950171256278415,10.744429686709672,0.0005458515283842794,0.0032497678737233053,0.6912751677852349,E_Brent,2024-07-18 08:00:00
F055,11,9,0.18181818181818182,10.000976742452254,10.459356397603203,0.0005458515283842794,0.003946146703806871,0.7857142857142851,UCG.ITEUR,2022-02-10 13:00:00
F056,11,11,0.09090909090909091,9.543720472961807,10.47021909166754,0.0005458515283842794,0.0030176415970287838,-0.7887596899224741,JPM.USUSD,2022-01-19 15:00:00
F057,11,8,0.18181818181818182,9.520897605737229,10.51758590517905,0.0005458515283842794,0.00127669452181987,-0.6203884957084757,EURUSD,2022-06-30 04:00:00
F058,11,6,0.36363636363636365,10.051508019563158,10.538971626810323,0.0005458515283842794,0.004062209842154132,0.9089250493096758,E_SandP-500,2024-01-24 17:00:00
F059,11,8,0.2727272727272727,9.291629636466514,10.698377060777341,0.0005458515283842794,0.002785515320334262,-0.5782537067545285,COPPER.CMDUSD,2024-11-12 15:00:00
F060,11,11,0.09090909090909091,10.213117240932094,10.532440672065224,0.0005458515283842794,0.0031337047353760445,0.7974925193852492,ESP.IDXEUR,2023-03-06 10:00:00
F061,11,9,0.18181818181818182,9.388956982140773,9.736107855327338,0.0005458515283842794,0.002437325905292479,-0.7909836065573762,SIE.DEEUR,2021-09-28 15:00:00
F062,11,8,0.2727272727272727,9.774865953186866,10.779573289054982,0.0005458515283842794,0.0017409470752089136,-0.6765863285688685,EURUSD,2024-02-02 20:00:00
F063,11,8,0.18181818181818182,9.319125490848853,10.551258511052836,0.0005458515283842794,0.002437325905292479,0.7947355711180883,EUS.IDXEUR,2024-01-24 16:00:00
F064,11,9,0.2727272727272727,9.983889796622178,10.698227261351244,0.0005458515283842794,0.0032497678737233053,0.5843108504398828,COPPER.CMDUSD,2023-01-11 05:00:00
F065,11,9,0.18181818181818182,9.78644490369226,10.500019235481584,0.0005458515283842794,0.0044103992571959145,0.7248991072520472,RDSB.GBGBX,2021-07-29 10:00:00
F066,11,8,0.2727272727272727,9.711513724438095,10.656716735336145,0.0005458515283842794,0.0010445682451253482,-0.5149631238997684,EUS.IDXEUR,2021-06-18 13:00:00
F067,11,9,0.2727272727272727,10.716879320457062,10.77315023636229,0.0005458515283842794,0.0064995357474466105,-0.8136837194837518,ITA.IDXEUR,2021-12-08 18:00:00
F068,11,8,0.18181818181818182,9.537489344642932,10.292982780273501,0.0005458515283842794,0.002669452181987001,0.7167539267015711,AAPL.USUSD,2024-09-19 18:00:00
F069,10,9,0.2,9.651942329941482,10.570365603446218,0.0004962286621675268,0.001160631383472609,-0.8150902125556101,MC.FREUR,2024-05-22 08:00:00
F070,10,8,0.2,9.804471729961485,10.570931713018426,0.0004962286621675268,0.004642525533890436,0.8195657595818622,ENI.ITEUR,2024-05-10 12:00:00
F071,10,8,0.2,10.662293916490674,10.742646814242708,0.0004962286621675268,0.00127669452181987,-0.6730947111110478,E_DAAX,2022-05-05 15:00:00
F072,10,9,0.2,9.218576574614596,10.149004982671633,0.0004962286621675268,0.0020891364902506965,0.82350910455642,COPPER.CMDUSD,2024-03-14 02:00:00
F073,10,8,0.3,9.44664607567173,10.057282934992436,0.0004962286621675268,0.0009285051067780873,0.7430776682123426,FRA.IDXEUR,2021-07-23 17:00:00
F074,10,6,0.3,10.359790404192093,10.638642775136283,0.0004962286621675268,0.002437325905292479,0.6568137638385046,E_SandP-500,2023-08-30 08:00:00
F075,10,10,0.1,9.197058461153954,10.330210903968764,0.0004962286621675268,0.0010445682451253482,-0.8167016609782709,ASML.NLEUR,2022-05-19 12:00:00
F076,10,5,0.3,9.718617251766792,10.525381985125776,0.0004962286621675268,0.002785515320334262,-0.7975600703579558,EURUSD,2021-06-04 00:00:00
F077,10,9,0.2,9.28171895339733,10.22178731050879,0.0004962286621675268,0.0005803156917363045,0.7130677268935424,HSBA.GBGBX,2024-12-27 15:00:00
F078,10,10,0.1,9.509183767623997,10.589847612792232,0.0004962286621675268,0.0010445682451253482,0.804279820799107,MC.FREUR,2022-09-12 14:00:00
F079,10,9,0.2,9.579776266382904,10.545179506770666,0.0004962286621675268,0.0031337047353760445,-0.8484597337347248,E_SandP-500,2023-10-26 09:00:00
F080,10,9,0.2,9.801559366369945,10.537302083980343,0.0004962286621675268,0.007311977715877437,0.8511030238090219,HSBA.GBGBX,2021-02-16 08:00:00
F081,10,9,0.2,9.61170481531462,10.696601364144673,0.0004962286621675268,0.0035979572887650884,-0.5880008669497387,E_SandP-500,2024-07-18 00:00:00
F082,10,8,0.2,9.924001568803327,10.467024715846053,0.0004962286621675268,0.002785515320334262,-0.7385558571999251,SIE.DEEUR,2023-10-16 09:00:00
F083,10,8,0.2,9.590634440843369,10.122819253954537,0.0004962286621675268,0.003714020427112349,0.7055694008170383,UCG.ITEUR,2023-02-17 16:00:00
F084,10,9,0.2,9.722545111743289,10.692962245285237,0.0004962286621675268,0.0031337047353760445,-0.8700846037489878,E_SandP-500,2021-09-20 09:00:00
F085,10,8,0.2,9.363655285879236,10.644188679689687,0.0004962286621675268,0.00046425255338904364,-0.7605038585415465,EURUSD,2022-07-11 16:00:00
F086,10,9,0.2,10.124373906700818,10.593338329712005,0.0004962286621675268,0.00510677808727948,0.8417818005589457,RDSB.GBGBX,2021-02-16 08:00:00
F087,10,7,0.3,10.270793613720919,10.688740320979052,0.0004962286621675268,0.00383008356545961,-0.8126980174286559,UCG.ITEUR,2021-07-08 09:00:00
F088,10,8,0.2,9.733989446885227,10.245919952697944,0.0004962286621675268,0.00046425255338904364,0.8124677222982857,EURUSD,2022-02-04 01:00:00
