tau_pct,tau,data,n_ids,coverage,largest,median_size,n
0.25,10.035,real,6,0.0034736006351726877,17,10.5,20152
0.25,10.035,shuffled,25,0.014044665012406948,21,11.0,20150
0.5,10.398,real,28,0.01597856292179436,17,11.0,20152
0.5,10.398,shuffled,57,0.03523573200992556,37,11.0,20150
1.0,10.826,real,88,0.05289797538705836,23,11.0,20152
1.0,10.826,shuffled,108,0.07037220843672456,39,12.0,20150
2.0,11.27,real,168,0.11095672886065899,44,12.0,20152
2.0,11.27,shuffled,195,0.13607940446650124,39,12.0,20150
5.0,11.956,real,321,0.23635371179039302,47,13.0,20152
5.0,11.956,shuffled,346,0.27344913151364764,66,13.0,20150
