asset,name,formula,parent,kind,setup,parent_expr,parent_baseline_verdict,n_active,m2_promoted,m2_direction,m2_holding_period_h,m2_lift,m2_mean_advantage,m2_win_rate,m2_base_rate,m2_oos_passed,m2_oos_lift,m2_oos_p_value,m2_grade,m2_composite_score,verdict,is_trades,is_expectancy,oos_trades,oos_expectancy,oos_pf,oos_win_pct,wf_profitable
E_DAAX,P00,ev_00 == 1,0,parent,,delta_diffnorm_close_mdd12_mdd24_1 < -0.161034,NON-EDGE,2678,True,long,12,0.20806507145882852,0.000541613906095731,0.5483170466883822,0.3402519752295537,False,0.19192800300027246,0.25114796391600136,C,0.4783,NON-EDGE,2017.0,0.000493,2642.0,0.000293,1.1047,0.530659,0.75
E_DAAX,P00&realS00,ev_00 == 1 and setup == 'S00',0,real,S00,delta_diffnorm_close_mdd12_mdd24_1 < -0.161034,NON-EDGE,550,False,undetermined,24,,,,,False,,,D,0.0824,not-in-M3,,,,,,,
E_DAAX,P00&realS01,ev_00 == 1 and setup == 'S01',0,real,S01,delta_diffnorm_close_mdd12_mdd24_1 < -0.161034,NON-EDGE,647,True,short,8,0.04950906942464883,-0.0005965065478485952,0.25476190476190474,0.2052528353372559,False,-0.017367487851346453,0.6376254763756612,D,0.116,NON-EDGE,6.0,0.001026,,,,,
E_DAAX,P00&realS02,ev_00 == 1 and setup == 'S02',0,real,S02,delta_diffnorm_close_mdd12_mdd24_1 < -0.161034,NON-EDGE,677,True,long,8,0.09098052605020501,0.0010008717761188892,0.35294117647058826,0.26196065042038325,True,0.033481225198090714,0.0953939102435078,C,0.4901,NON-EDGE,542.0,0.001013,665.0,0.000365,1.1748,0.52782,0.75
E_DAAX,P00&realS03,ev_00 == 1 and setup == 'S03',0,real,S03,delta_diffnorm_close_mdd12_mdd24_1 < -0.161034,NON-EDGE,804,True,long,6,0.2825021622858561,0.0006790001503808796,0.49475524475524474,0.21225308246938862,True,0.2536811005383963,0.04453456653733284,B,0.5226,NON-EDGE,610.0,0.000816,790.0,0.00054,1.1782,0.524051,0.75
E_DAAX,P00&fakeS00,ev_00 == 1 and fsetup == 'S00',0,fake,S00,delta_diffnorm_close_mdd12_mdd24_1 < -0.161034,NON-EDGE,619,True,long,12,0.22303333212462584,0.0011180602810912216,0.5613207547169812,0.33828742259235534,False,0.1984242117867529,0.9943407541097987,B,0.5055,NON-EDGE,453.0,0.001522,608.0,2.6e-05,1.0074,0.570724,0.25
E_DAAX,P00&fakeS01,ev_00 == 1 and fsetup == 'S01',0,fake,S01,delta_diffnorm_close_mdd12_mdd24_1 < -0.161034,NON-EDGE,579,False,undetermined,8,,,,,False,,,D,0.1181,not-in-M3,,,,,,,
E_DAAX,P00&fakeS02,ev_00 == 1 and fsetup == 'S02',0,fake,S02,delta_diffnorm_close_mdd12_mdd24_1 < -0.161034,NON-EDGE,701,False,undetermined,24,,,,,False,,,D,0.0811,not-in-M3,,,,,,,
E_DAAX,P00&fakeS03,ev_00 == 1 and fsetup == 'S03',0,fake,S03,delta_diffnorm_close_mdd12_mdd24_1 < -0.161034,NON-EDGE,779,False,undetermined,6,,,,,False,,,D,0.1785,not-in-M3,,,,,,,
E_DAAX,P00&numericS03,ev_00 == 1 and nsetup == 'S03',0,numeric,S03,delta_diffnorm_close_mdd12_mdd24_1 < -0.161034,NON-EDGE,894,True,long,12,0.40060469265448095,0.001118867739172237,0.7133956386292835,0.3127909459748025,False,0.4050712886966994,0.24313017212513666,B,0.6018,NON-EDGE,683.0,0.000929,878.0,0.000485,1.1243,0.560364,0.5
E_DAAX,P01,ev_01 == 1,1,parent,,delta_pos_low_range96_1 > 0.0522736,NON-EDGE,5013,False,undetermined,24,,,,,False,,,D,0.1442,not-in-M3,,,,,,,
E_DAAX,P01&realS00,ev_01 == 1 and setup == 'S00',1,real,S00,delta_pos_low_range96_1 > 0.0522736,NON-EDGE,730,False,undetermined,8,,,,,False,,,D,0.0471,not-in-M3,,,,,,,
E_DAAX,P01&realS01,ev_01 == 1 and setup == 'S01',1,real,S01,delta_pos_low_range96_1 > 0.0522736,NON-EDGE,1402,False,undetermined,1,,,,,False,,,D,0.0565,not-in-M3,,,,,,,
E_DAAX,P01&realS02,ev_01 == 1 and setup == 'S02',1,real,S02,delta_pos_low_range96_1 > 0.0522736,NON-EDGE,1285,False,undetermined,24,,,,,False,,,D,0.1021,not-in-M3,,,,,,,
E_DAAX,P01&realS03,ev_01 == 1 and setup == 'S03',1,real,S03,delta_pos_low_range96_1 > 0.0522736,NON-EDGE,1596,False,undetermined,24,,,,,False,,,D,0.111,not-in-M3,,,,,,,
E_DAAX,P01&fakeS00,ev_01 == 1 and fsetup == 'S00',1,fake,S00,delta_pos_low_range96_1 > 0.0522736,NON-EDGE,1111,True,short,2,0.0071117120345784435,-0.00030427031768875273,0.05732484076433121,0.05021312872975277,False,0.013686052876808137,0.5645846542890688,C,0.2971,NON-EDGE,838.0,0.000104,1098.0,-2.4e-05,0.9845,0.465392,0.5
E_DAAX,P01&fakeS01,ev_01 == 1 and fsetup == 'S01',1,fake,S01,delta_pos_low_range96_1 > 0.0522736,NON-EDGE,1117,False,undetermined,24,,,,,False,,,D,0.1014,not-in-M3,,,,,,,
E_DAAX,P01&fakeS02,ev_01 == 1 and fsetup == 'S02',1,fake,S02,delta_pos_low_range96_1 > 0.0522736,NON-EDGE,1376,False,undetermined,24,,,,,False,,,D,0.1065,not-in-M3,,,,,,,
E_DAAX,P01&fakeS03,ev_01 == 1 and fsetup == 'S03',1,fake,S03,delta_pos_low_range96_1 > 0.0522736,NON-EDGE,1405,True,long,3,-0.0012840256545838813,0.0003966122923224558,0.11065149948293691,0.1119355251375208,False,0.009469480164332675,0.28036396792339424,C,0.3561,NON-EDGE,10.0,-4e-06,,,,,
E_DAAX,P01&numericS03,ev_01 == 1 and nsetup == 'S03',1,numeric,S03,delta_pos_low_range96_1 > 0.0522736,NON-EDGE,1166,False,undetermined,24,,,,,False,,,D,0.1382,not-in-M3,,,,,,,
E_DAAX,P02,ev_02 == 1,2,parent,,delta_diffnorm_close_rsi14_rsi25_1 < -0.607972 AND ratio_close_low_lag1 < 0.999555,NON-EDGE,1942,True,short,8,0.051593944825586435,-0.0004557415017131135,0.25684678016284235,0.2052528353372559,True,0.03818639829135831,0.14499383742214034,C,0.3399,NON-EDGE,1475.0,-5.1e-05,1916.0,-0.000106,0.9622,0.458768,0.25
E_DAAX,P02&realS00,ev_02 == 1 and setup == 'S00',2,real,S00,delta_diffnorm_close_rsi14_rsi25_1 < -0.607972 AND ratio_close_low_lag1 < 0.999555,NON-EDGE,577,False,undetermined,24,,,,,False,,,D,0.0555,not-in-M3,,,,,,,
E_DAAX,P02&realS01,ev_02 == 1 and setup == 'S01',2,real,S01,delta_diffnorm_close_rsi14_rsi25_1 < -0.607972 AND ratio_close_low_lag1 < 0.999555,NON-EDGE,604,False,undetermined,4,,,,,False,,,D,0.0406,not-in-M3,,,,,,,
E_DAAX,P02&realS02,ev_02 == 1 and setup == 'S02',2,real,S02,delta_diffnorm_close_rsi14_rsi25_1 < -0.607972 AND ratio_close_low_lag1 < 0.999555,NON-EDGE,370,False,undetermined,24,,,,,False,,,D,0.127,not-in-M3,,,,,,,
E_DAAX,P02&realS03,ev_02 == 1 and setup == 'S03',2,real,S03,delta_diffnorm_close_rsi14_rsi25_1 < -0.607972 AND ratio_close_low_lag1 < 0.999555,NON-EDGE,391,True,short,1,0.05677831665131588,-0.0006675162740322804,0.07608695652173914,0.019308639870423257,False,0.023088366300239575,0.33261860026898193,C,0.4089,NON-EDGE,6.0,0.004918,,,,,
E_DAAX,P02&fakeS00,ev_02 == 1 and fsetup == 'S00',2,fake,S00,delta_diffnorm_close_rsi14_rsi25_1 < -0.607972 AND ratio_close_low_lag1 < 0.999555,NON-EDGE,458,False,undetermined,4,,,,,False,,,D,0.0451,not-in-M3,,,,,,,
E_DAAX,P02&fakeS01,ev_02 == 1 and fsetup == 'S01',2,fake,S01,delta_diffnorm_close_rsi14_rsi25_1 < -0.607972 AND ratio_close_low_lag1 < 0.999555,NON-EDGE,425,True,short,12,0.08113678968532217,-0.000977203997663467,0.3624161073825503,0.28127931769722814,False,0.03567729628738159,0.6243813139678369,D,0.1964,NON-EDGE,323.0,8.8e-05,415.0,-0.000147,0.9515,0.481928,0.5
E_DAAX,P02&fakeS02,ev_02 == 1 and fsetup == 'S02',2,fake,S02,delta_diffnorm_close_rsi14_rsi25_1 < -0.607972 AND ratio_close_low_lag1 < 0.999555,NON-EDGE,510,True,short,8,0.07252494244052188,-0.0011188648471985912,0.2777777777777778,0.2052528353372559,True,0.013247197630595675,0.19312871206661686,C,0.407,NON-EDGE,2.0,0.0048,,,,,
E_DAAX,P02&fakeS03,ev_02 == 1 and fsetup == 'S03',2,fake,S03,delta_diffnorm_close_rsi14_rsi25_1 < -0.607972 AND ratio_close_low_lag1 < 0.999555,NON-EDGE,549,False,undetermined,1,,,,,False,,,D,0.1191,not-in-M3,,,,,,,
E_DAAX,P02&numericS03,ev_02 == 1 and nsetup == 'S03',2,numeric,S03,delta_diffnorm_close_rsi14_rsi25_1 < -0.607972 AND ratio_close_low_lag1 < 0.999555,NON-EDGE,541,True,short,1,0.04555622499444161,-0.00045555909330279146,0.06486486486486487,0.019308639870423257,True,0.02054577794529424,0.18762559269700585,C,0.4273,NON-EDGE,6.0,0.005461,,,,,
E_DAAX,P03,ev_03 == 1,3,parent,,delta_diffnorm_close_rsi14_rsi25_1 < -0.607972 AND spread_close_low_lag1 < -0.000445124,NON-EDGE,1942,True,short,8,0.051593944825586435,-0.0004557415017131135,0.25684678016284235,0.2052528353372559,True,0.03818639829135831,0.14499383742214034,C,0.3399,NON-EDGE,1475.0,-5.1e-05,1916.0,-0.000106,0.9622,0.458768,0.25
E_DAAX,P03&realS00,ev_03 == 1 and setup == 'S00',3,real,S00,delta_diffnorm_close_rsi14_rsi25_1 < -0.607972 AND spread_close_low_lag1 < -0.000445124,NON-EDGE,577,False,undetermined,6,,,,,False,,,D,0.054,not-in-M3,,,,,,,
E_DAAX,P03&realS01,ev_03 == 1 and setup == 'S01',3,real,S01,delta_diffnorm_close_rsi14_rsi25_1 < -0.607972 AND spread_close_low_lag1 < -0.000445124,NON-EDGE,604,False,undetermined,3,,,,,False,,,D,0.0625,not-in-M3,,,,,,,
E_DAAX,P03&realS02,ev_03 == 1 and setup == 'S02',3,real,S02,delta_diffnorm_close_rsi14_rsi25_1 < -0.607972 AND spread_close_low_lag1 < -0.000445124,NON-EDGE,370,False,undetermined,24,,,,,False,,,D,0.127,not-in-M3,,,,,,,
E_DAAX,P03&realS03,ev_03 == 1 and setup == 'S03',3,real,S03,delta_diffnorm_close_rsi14_rsi25_1 < -0.607972 AND spread_close_low_lag1 < -0.000445124,NON-EDGE,391,True,short,1,0.05677831665131588,-0.0006675162740322804,0.07608695652173914,0.019308639870423257,False,0.023088366300239575,0.33261860026898193,C,0.4089,NON-EDGE,6.0,0.004918,,,,,
E_DAAX,P03&fakeS00,ev_03 == 1 and fsetup == 'S00',3,fake,S00,delta_diffnorm_close_rsi14_rsi25_1 < -0.607972 AND spread_close_low_lag1 < -0.000445124,NON-EDGE,458,False,undetermined,4,,,,,False,,,D,0.0451,not-in-M3,,,,,,,
E_DAAX,P03&fakeS01,ev_03 == 1 and fsetup == 'S01',3,fake,S01,delta_diffnorm_close_rsi14_rsi25_1 < -0.607972 AND spread_close_low_lag1 < -0.000445124,NON-EDGE,425,True,short,12,0.08113678968532217,-0.000977203997663467,0.3624161073825503,0.28127931769722814,False,0.03567729628738159,0.6243813139678369,D,0.1964,NON-EDGE,323.0,8.8e-05,415.0,-0.000147,0.9515,0.481928,0.5
E_DAAX,P03&fakeS02,ev_03 == 1 and fsetup == 'S02',3,fake,S02,delta_diffnorm_close_rsi14_rsi25_1 < -0.607972 AND spread_close_low_lag1 < -0.000445124,NON-EDGE,510,True,short,8,0.07252494244052188,-0.0011188648471985912,0.2777777777777778,0.2052528353372559,True,0.013247197630595675,0.19312871206661686,C,0.407,NON-EDGE,2.0,0.0048,,,,,
E_DAAX,P03&fakeS03,ev_03 == 1 and fsetup == 'S03',3,fake,S03,delta_diffnorm_close_rsi14_rsi25_1 < -0.607972 AND spread_close_low_lag1 < -0.000445124,NON-EDGE,549,False,undetermined,1,,,,,False,,,D,0.1191,not-in-M3,,,,,,,
E_DAAX,P03&numericS03,ev_03 == 1 and nsetup == 'S03',3,numeric,S03,delta_diffnorm_close_rsi14_rsi25_1 < -0.607972 AND spread_close_low_lag1 < -0.000445124,NON-EDGE,541,True,short,1,0.04555622499444161,-0.00045555909330279146,0.06486486486486487,0.019308639870423257,True,0.02054577794529424,0.18762559269700585,C,0.4273,NON-EDGE,6.0,0.005461,,,,,
E_DAAX,P04,ev_04 == 1,4,parent,,delta_pos_high_range24_1 > 0.176153 AND delta_pos_high_range48_1 > 0.101267,NON-EDGE,2038,False,undetermined,8,,,,,False,,,D,0.0938,not-in-M3,,,,,,,
E_DAAX,P04&realS00,ev_04 == 1 and setup == 'S00',4,real,S00,delta_pos_high_range24_1 > 0.176153 AND delta_pos_high_range48_1 > 0.101267,NON-EDGE,283,False,undetermined,8,,,,,False,,,D,0.087,not-in-M3,,,,,,,
E_DAAX,P04&realS01,ev_04 == 1 and setup == 'S01',4,real,S01,delta_pos_high_range24_1 > 0.176153 AND delta_pos_high_range48_1 > 0.101267,NON-EDGE,422,False,undetermined,12,,,,,False,,,D,0.0454,not-in-M3,,,,,,,
E_DAAX,P04&realS02,ev_04 == 1 and setup == 'S02',4,real,S02,delta_pos_high_range24_1 > 0.176153 AND delta_pos_high_range48_1 > 0.101267,NON-EDGE,700,False,undetermined,8,,,,,False,,,D,0.0345,not-in-M3,,,,,,,
E_DAAX,P04&realS03,ev_04 == 1 and setup == 'S03',4,real,S03,delta_pos_high_range24_1 > 0.176153 AND delta_pos_high_range48_1 > 0.101267,NON-EDGE,633,False,undetermined,2,,,,,False,,,D,0.0593,not-in-M3,,,,,,,
E_DAAX,P04&fakeS00,ev_04 == 1 and fsetup == 'S00',4,fake,S00,delta_pos_high_range24_1 > 0.176153 AND delta_pos_high_range48_1 > 0.101267,NON-EDGE,482,False,undetermined,2,,,,,False,,,D,0.0914,not-in-M3,,,,,,,
E_DAAX,P04&fakeS01,ev_04 == 1 and fsetup == 'S01',4,fake,S01,delta_pos_high_range24_1 > 0.176153 AND delta_pos_high_range48_1 > 0.101267,NON-EDGE,460,True,long,24,0.06233187523308209,0.0020019192344709526,0.46726190476190477,0.4049300295288227,True,0.14406802327419155,0.07169525828078177,C,0.4473,NON-EDGE,5.0,0.003102,,,,,
E_DAAX,P04&fakeS02,ev_04 == 1 and fsetup == 'S02',4,fake,S02,delta_pos_high_range24_1 > 0.176153 AND delta_pos_high_range48_1 > 0.101267,NON-EDGE,545,False,undetermined,8,,,,,False,,,D,0.0707,not-in-M3,,,,,,,
E_DAAX,P04&fakeS03,ev_04 == 1 and fsetup == 'S03',4,fake,S03,delta_pos_high_range24_1 > 0.176153 AND delta_pos_high_range48_1 > 0.101267,NON-EDGE,549,False,undetermined,2,,,,,False,,,D,0.1095,not-in-M3,,,,,,,
E_DAAX,P04&numericS03,ev_04 == 1 and nsetup == 'S03',4,numeric,S03,delta_pos_high_range24_1 > 0.176153 AND delta_pos_high_range48_1 > 0.101267,NON-EDGE,306,False,undetermined,1,,,,,False,,,D,0.0301,not-in-M3,,,,,,,
E_DAAX,P05,ev_05 == 1,5,parent,,delta_ratio_gap_upper_wick_12 < -0.00133093,NON-EDGE,3121,True,long,24,0.05587898684958642,0.000708149987704447,0.41095238095238096,0.35507339410279454,True,0.039405340970193214,0.07026791664874121,C,0.4333,NON-EDGE,2358.0,0.001359,3076.0,0.000909,1.2057,0.548765,1.0
E_DAAX,P05&realS00,ev_05 == 1 and setup == 'S00',5,real,S00,delta_ratio_gap_upper_wick_12 < -0.00133093,NON-EDGE,659,False,undetermined,4,,,,,False,,,D,0.0867,not-in-M3,,,,,,,
E_DAAX,P05&realS01,ev_05 == 1 and setup == 'S01',5,real,S01,delta_ratio_gap_upper_wick_12 < -0.00133093,NON-EDGE,695,False,undetermined,24,,,,,False,,,D,0.1038,not-in-M3,,,,,,,
E_DAAX,P05&realS02,ev_05 == 1 and setup == 'S02',5,real,S02,delta_ratio_gap_upper_wick_12 < -0.00133093,NON-EDGE,831,True,long,24,0.09116730526033934,0.0013843501981140739,0.45137614678899085,0.3602088415286515,False,0.06493988354411184,0.5223204028155428,C,0.3703,NON-EDGE,615.0,0.002683,819.0,0.001884,1.4812,0.565324,1.0
E_DAAX,P05&realS03,ev_05 == 1 and setup == 'S03',5,real,S03,delta_ratio_gap_upper_wick_12 < -0.00133093,NON-EDGE,936,False,undetermined,8,,,,,False,,,D,0.0941,not-in-M3,,,,,,,
E_DAAX,P05&fakeS00,ev_05 == 1 and fsetup == 'S00',5,fake,S00,delta_ratio_gap_upper_wick_12 < -0.00133093,NON-EDGE,689,False,undetermined,24,,,,,False,,,D,0.1114,not-in-M3,,,,,,,
E_DAAX,P05&fakeS01,ev_05 == 1 and fsetup == 'S01',5,fake,S01,delta_ratio_gap_upper_wick_12 < -0.00133093,NON-EDGE,718,False,undetermined,24,,,,,False,,,D,0.114,not-in-M3,,,,,,,
E_DAAX,P05&fakeS02,ev_05 == 1 and fsetup == 'S02',5,fake,S02,delta_ratio_gap_upper_wick_12 < -0.00133093,NON-EDGE,846,True,long,10,0.04390713060421819,0.0006967178370016508,0.3493761140819964,0.30546898347777823,True,0.026205315516794114,0.0720604855470367,C,0.3173,NON-EDGE,7.0,-0.000834,,,,,
E_DAAX,P05&fakeS03,ev_05 == 1 and fsetup == 'S03',5,fake,S03,delta_ratio_gap_upper_wick_12 < -0.00133093,NON-EDGE,868,False,undetermined,2,,,,,False,,,D,0.0899,not-in-M3,,,,,,,
E_DAAX,P05&numericS03,ev_05 == 1 and nsetup == 'S03',5,numeric,S03,delta_ratio_gap_upper_wick_12 < -0.00133093,NON-EDGE,972,False,undetermined,24,,,,,False,,,D,0.1008,not-in-M3,,,,,,,
E_DAAX,P06,ev_06 == 1,6,parent,,delta_ratio_gap_upper_wick_12 < -0.000761454,NON-EDGE,4682,True,long,24,0.05148786623349361,0.0006840243175896543,0.41674656439757113,0.3652586981640775,True,0.021624835571496914,0.0388317601532264,C,0.4362,NON-EDGE,3504.0,0.001424,4606.0,0.00085,1.2335,0.558402,1.0
E_DAAX,P06&realS00,ev_06 == 1 and setup == 'S00',6,real,S00,delta_ratio_gap_upper_wick_12 < -0.000761454,NON-EDGE,1002,False,undetermined,3,,,,,False,,,D,0.1058,not-in-M3,,,,,,,
E_DAAX,P06&realS01,ev_06 == 1 and setup == 'S01',6,real,S01,delta_ratio_gap_upper_wick_12 < -0.000761454,NON-EDGE,1059,False,undetermined,24,,,,,False,,,D,0.1021,not-in-M3,,,,,,,
E_DAAX,P06&realS02,ev_06 == 1 and setup == 'S02',6,real,S02,delta_ratio_gap_upper_wick_12 < -0.000761454,NON-EDGE,1250,True,long,24,0.07883233914568427,0.0013611673273938184,0.4336917562724014,0.35485941712671715,False,0.04878007760295161,0.5102399817912763,C,0.3849,NON-EDGE,937.0,0.002744,1230.0,0.001646,1.4339,0.577236,1.0
E_DAAX,P06&realS03,ev_06 == 1 and setup == 'S03',6,real,S03,delta_ratio_gap_upper_wick_12 < -0.000761454,NON-EDGE,1371,False,undetermined,8,,,,,False,,,D,0.0911,not-in-M3,,,,,,,
E_DAAX,P06&fakeS00,ev_06 == 1 and fsetup == 'S00',6,fake,S00,delta_ratio_gap_upper_wick_12 < -0.000761454,NON-EDGE,1050,False,undetermined,24,,,,,False,,,D,0.1247,not-in-M3,,,,,,,
E_DAAX,P06&fakeS01,ev_06 == 1 and fsetup == 'S01',6,fake,S01,delta_ratio_gap_upper_wick_12 < -0.000761454,NON-EDGE,1051,True,long,24,0.04882686003739134,0.0014054661501624094,0.42538354253835425,0.3765566825009629,False,0.03326945505078832,0.30363144260773656,C,0.379,NON-EDGE,12.0,-5.7e-05,,,,,
E_DAAX,P06&fakeS02,ev_06 == 1 and fsetup == 'S02',6,fake,S02,delta_ratio_gap_upper_wick_12 < -0.000761454,NON-EDGE,1281,False,undetermined,12,,,,,False,,,D,0.1182,not-in-M3,,,,,,,
E_DAAX,P06&fakeS03,ev_06 == 1 and fsetup == 'S03',6,fake,S03,delta_ratio_gap_upper_wick_12 < -0.000761454,NON-EDGE,1299,False,undetermined,2,,,,,False,,,D,0.097,not-in-M3,,,,,,,
E_DAAX,P06&numericS03,ev_06 == 1 and nsetup == 'S03',6,numeric,S03,delta_ratio_gap_upper_wick_12 < -0.000761454,NON-EDGE,1424,False,undetermined,24,,,,,False,,,D,0.1643,not-in-M3,,,,,,,
E_DAAX,P07,ev_07 == 1,7,parent,,delta_ratio_volume_sma03_sma25_1 > 0.455524 AND pr_ratio_volume_sma12_96 > 0.84375,NON-EDGE,2332,True,short,12,0.022456138518326063,-0.0005734163690472114,0.3037354562155542,0.28127931769722814,False,0.029215406749542205,0.3388728804061408,C,0.3514,NON-EDGE,1787.0,-9.8e-05,2307.0,-0.00012,0.9553,0.463806,0.25
E_DAAX,P07&realS00,ev_07 == 1 and setup == 'S00',7,real,S00,delta_ratio_volume_sma03_sma25_1 > 0.455524 AND pr_ratio_volume_sma12_96 > 0.84375,NON-EDGE,518,False,undetermined,4,,,,,False,,,D,0.0597,not-in-M3,,,,,,,
E_DAAX,P07&realS01,ev_07 == 1 and setup == 'S01',7,real,S01,delta_ratio_volume_sma03_sma25_1 > 0.455524 AND pr_ratio_volume_sma12_96 > 0.84375,NON-EDGE,648,False,undetermined,12,,,,,False,,,D,0.1076,not-in-M3,,,,,,,
E_DAAX,P07&realS02,ev_07 == 1 and setup == 'S02',7,real,S02,delta_ratio_volume_sma03_sma25_1 > 0.455524 AND pr_ratio_volume_sma12_96 > 0.84375,NON-EDGE,344,False,undetermined,8,,,,,False,,,D,0.1146,not-in-M3,,,,,,,
E_DAAX,P07&realS03,ev_07 == 1 and setup == 'S03',7,real,S03,delta_ratio_volume_sma03_sma25_1 > 0.455524 AND pr_ratio_volume_sma12_96 > 0.84375,NON-EDGE,822,False,undetermined,12,,,,,False,,,D,0.1234,not-in-M3,,,,,,,
E_DAAX,P07&fakeS00,ev_07 == 1 and fsetup == 'S00',7,fake,S00,delta_ratio_volume_sma03_sma25_1 > 0.455524 AND pr_ratio_volume_sma12_96 > 0.84375,NON-EDGE,540,False,undetermined,12,,,,,False,,,D,0.0457,not-in-M3,,,,,,,
E_DAAX,P07&fakeS01,ev_07 == 1 and fsetup == 'S01',7,fake,S01,delta_ratio_volume_sma03_sma25_1 > 0.455524 AND pr_ratio_volume_sma12_96 > 0.84375,NON-EDGE,560,True,short,12,0.055282425644176236,-0.0011850528127185624,0.3365617433414044,0.28127931769722814,True,0.05871013146869819,0.003144864935813422,C,0.4272,NON-EDGE,3.0,0.001135,,,,,
E_DAAX,P07&fakeS02,ev_07 == 1 and fsetup == 'S02',7,fake,S02,delta_ratio_volume_sma03_sma25_1 > 0.455524 AND pr_ratio_volume_sma12_96 > 0.84375,NON-EDGE,578,True,short,12,0.020156089001336475,-0.0006316257920417584,0.3014354066985646,0.28127931769722814,False,-0.04974834626201674,0.9995739311350113,D,0.127,NON-EDGE,6.0,0.006228,,,,,
E_DAAX,P07&fakeS03,ev_07 == 1 and fsetup == 'S03',7,fake,S03,delta_ratio_volume_sma03_sma25_1 > 0.455524 AND pr_ratio_volume_sma12_96 > 0.84375,NON-EDGE,653,False,undetermined,1,,,,,False,,,D,0.1516,not-in-M3,,,,,,,
E_DAAX,P07&numericS03,ev_07 == 1 and nsetup == 'S03',7,numeric,S03,delta_ratio_volume_sma03_sma25_1 > 0.455524 AND pr_ratio_volume_sma12_96 > 0.84375,NON-EDGE,716,True,short,12,0.09072068230277186,-0.0011243159708223469,0.372,0.28127931769722814,False,0.03674433580463815,0.7273939839858018,C,0.4183,NON-EDGE,9.0,-0.002322,,,,,
E_DAAX,P08,ev_08 == 1,8,parent,,pr_ratio_volume_sma25_48 > 0.895833,NON-EDGE,3233,True,short,12,-0.015563758178726128,-0.0005408446342815264,0.265715559518502,0.28127931769722814,True,-0.0036608067543067446,0.014099881189624552,C,0.4276,NON-EDGE,2462.0,1.1e-05,3186.0,-1.6e-05,0.9936,0.466416,0.75
E_DAAX,P08&realS00,ev_08 == 1 and setup == 'S00',8,real,S00,pr_ratio_volume_sma25_48 > 0.895833,NON-EDGE,326,True,short,8,0.07582824574382518,-0.0009741487519312943,0.2810810810810811,0.2052528353372559,False,0.04780318218658022,0.7077288556900476,D,0.1849,NON-EDGE,224.0,0.000415,315.0,0.000106,1.036,0.504762,0.5
E_DAAX,P08&realS01,ev_08 == 1 and setup == 'S01',8,real,S01,pr_ratio_volume_sma25_48 > 0.895833,NON-EDGE,1202,False,undetermined,12,,,,,False,,,D,0.102,not-in-M3,,,,,,,
E_DAAX,P08&realS02,ev_08 == 1 and setup == 'S02',8,real,S02,pr_ratio_volume_sma25_48 > 0.895833,NON-EDGE,609,False,undetermined,12,,,,,False,,,D,0.0582,not-in-M3,,,,,,,
E_DAAX,P08&realS03,ev_08 == 1 and setup == 'S03',8,real,S03,pr_ratio_volume_sma25_48 > 0.895833,NON-EDGE,1096,False,undetermined,12,,,,,False,,,D,0.108,not-in-M3,,,,,,,
E_DAAX,P08&fakeS00,ev_08 == 1 and fsetup == 'S00',8,fake,S00,pr_ratio_volume_sma25_48 > 0.895833,NON-EDGE,696,False,undetermined,24,,,,,False,,,D,0.073,not-in-M3,,,,,,,
E_DAAX,P08&fakeS01,ev_08 == 1 and fsetup == 'S01',8,fake,S01,pr_ratio_volume_sma25_48 > 0.895833,NON-EDGE,817,False,undetermined,12,,,,,False,,,D,0.1426,not-in-M3,,,,,,,
E_DAAX,P08&fakeS02,ev_08 == 1 and fsetup == 'S02',8,fake,S02,pr_ratio_volume_sma25_48 > 0.895833,NON-EDGE,853,False,undetermined,12,,,,,False,,,D,0.1505,not-in-M3,,,,,,,
E_DAAX,P08&fakeS03,ev_08 == 1 and fsetup == 'S03',8,fake,S03,pr_ratio_volume_sma25_48 > 0.895833,NON-EDGE,866,False,undetermined,2,,,,,False,,,D,0.1058,not-in-M3,,,,,,,
E_DAAX,P08&numericS03,ev_08 == 1 and nsetup == 'S03',8,numeric,S03,pr_ratio_volume_sma25_48 > 0.895833,NON-EDGE,1062,False,undetermined,12,,,,,False,,,D,0.1269,not-in-M3,,,,,,,
E_DAAX,P09,ev_09 == 1,9,parent,,pr_ratio_volume_sma25_48 > 0.854167 AND ratio_volume_sma25 > 1.89159,NON-EDGE,4080,True,short,12,-0.01870560975411334,-0.00047364761288731447,0.2625737079431148,0.28127931769722814,True,-0.020241449163554692,0.07735664782187007,C,0.4298,NON-EDGE,3151.0,-3.8e-05,4034.0,-0.000112,0.9539,0.459346,0.5
E_DAAX,P09&realS00,ev_09 == 1 and setup == 'S00',9,real,S00,pr_ratio_volume_sma25_48 > 0.854167 AND ratio_volume_sma25 > 1.89159,NON-EDGE,386,True,short,18,0.05201728428039942,-0.0016963473824847188,0.416289592760181,0.3642723084797816,False,-0.023725100563497914,0.632545170771716,C,0.3554,NON-EDGE,9.0,0.00211,,,,,
E_DAAX,P09&realS01,ev_09 == 1 and setup == 'S01',9,real,S01,pr_ratio_volume_sma25_48 > 0.854167 AND ratio_volume_sma25 > 1.89159,NON-EDGE,1551,False,undetermined,12,,,,,False,,,D,0.1046,not-in-M3,,,,,,,
E_DAAX,P09&realS02,ev_09 == 1 and setup == 'S02',9,real,S02,pr_ratio_volume_sma25_48 > 0.854167 AND ratio_volume_sma25 > 1.89159,NON-EDGE,772,False,undetermined,12,,,,,False,,,D,0.055,not-in-M3,,,,,,,
E_DAAX,P09&realS03,ev_09 == 1 and setup == 'S03',9,real,S03,pr_ratio_volume_sma25_48 > 0.854167 AND ratio_volume_sma25 > 1.89159,NON-EDGE,1371,False,undetermined,12,,,,,False,,,D,0.1229,not-in-M3,,,,,,,
E_DAAX,P09&fakeS00,ev_09 == 1 and fsetup == 'S00',9,fake,S00,pr_ratio_volume_sma25_48 > 0.854167 AND ratio_volume_sma25 > 1.89159,NON-EDGE,863,False,undetermined,9,,,,,False,,,D,0.0792,not-in-M3,,,,,,,
E_DAAX,P09&fakeS01,ev_09 == 1 and fsetup == 'S01',9,fake,S01,pr_ratio_volume_sma25_48 > 0.854167 AND ratio_volume_sma25 > 1.89159,NON-EDGE,1011,False,undetermined,12,,,,,False,,,D,0.1585,not-in-M3,,,,,,,
E_DAAX,P09&fakeS02,ev_09 == 1 and fsetup == 'S02',9,fake,S02,pr_ratio_volume_sma25_48 > 0.854167 AND ratio_volume_sma25 > 1.89159,NON-EDGE,1104,False,undetermined,12,,,,,False,,,D,0.1508,not-in-M3,,,,,,,
E_DAAX,P09&fakeS03,ev_09 == 1 and fsetup == 'S03',9,fake,S03,pr_ratio_volume_sma25_48 > 0.854167 AND ratio_volume_sma25 > 1.89159,NON-EDGE,1100,False,undetermined,2,,,,,False,,,D,0.1331,not-in-M3,,,,,,,
E_DAAX,P09&numericS03,ev_09 == 1 and nsetup == 'S03',9,numeric,S03,pr_ratio_volume_sma25_48 > 0.854167 AND ratio_volume_sma25 > 1.89159,NON-EDGE,1340,False,undetermined,12,,,,,False,,,D,0.1333,not-in-M3,,,,,,,
E_DAAX,P10,ev_10 == 1,10,parent,,delta_pos_high_range12_3 > 0.347961,NON-EDGE,5026,True,long,8,0.06848417915789523,0.0002997651452790942,0.3304448295782785,0.26196065042038325,False,0.07901231688656146,0.49540710776491365,C,0.3521,NON-EDGE,3775.0,0.000257,4965.0,7.3e-05,1.0253,0.528701,0.5
E_DAAX,P10&realS00,ev_10 == 1 and setup == 'S00',10,real,S00,delta_pos_high_range12_3 > 0.347961,NON-EDGE,933,False,undetermined,8,,,,,False,,,D,0.1125,not-in-M3,,,,,,,
E_DAAX,P10&realS01,ev_10 == 1 and setup == 'S01',10,real,S01,delta_pos_high_range12_3 > 0.347961,NON-EDGE,591,False,undetermined,24,,,,,False,,,D,0.1105,not-in-M3,,,,,,,
E_DAAX,P10&realS02,ev_10 == 1 and setup == 'S02',10,real,S02,delta_pos_high_range12_3 > 0.347961,NON-EDGE,1578,False,undetermined,8,,,,,False,,,D,0.0494,not-in-M3,,,,,,,
E_DAAX,P10&realS03,ev_10 == 1 and setup == 'S03',10,real,S03,delta_pos_high_range12_3 > 0.347961,NON-EDGE,1924,False,undetermined,4,,,,,False,,,D,0.0719,not-in-M3,,,,,,,
E_DAAX,P10&fakeS00,ev_10 == 1 and fsetup == 'S00',10,fake,S00,delta_pos_high_range12_3 > 0.347961,NON-EDGE,1140,False,undetermined,24,,,,,False,,,D,0.0365,not-in-M3,,,,,,,
E_DAAX,P10&fakeS01,ev_10 == 1 and fsetup == 'S01',10,fake,S01,delta_pos_high_range12_3 > 0.347961,NON-EDGE,1112,True,long,24,0.047430066183538566,0.0013392368941989503,0.43994943109987356,0.392519364916335,False,0.01427221183950006,0.9658903623846085,C,0.3519,NON-EDGE,841.0,0.001416,1097.0,0.000759,1.2101,0.546946,0.75
E_DAAX,P10&fakeS02,ev_10 == 1 and fsetup == 'S02',10,fake,S02,delta_pos_high_range12_3 > 0.347961,NON-EDGE,1364,False,undetermined,20,,,,,False,,,D,0.0736,not-in-M3,,,,,,,
E_DAAX,P10&fakeS03,ev_10 == 1 and fsetup == 'S03',10,fake,S03,delta_pos_high_range12_3 > 0.347961,NON-EDGE,1407,False,undetermined,8,,,,,False,,,D,0.0742,not-in-M3,,,,,,,
E_DAAX,P10&numericS03,ev_10 == 1 and nsetup == 'S03',10,numeric,S03,delta_pos_high_range12_3 > 0.347961,NON-EDGE,1175,False,undetermined,1,,,,,False,,,D,0.0585,not-in-M3,,,,,,,
E_DAAX,P11,ev_11 == 1,11,parent,,delta_ratio_volume_sma25_6 > 1.41784,NON-EDGE,3349,True,short,11,0.0290883279649905,-0.0004780451932387815,0.2935973041280539,0.2645089761630634,True,0.06164602368284583,0.01980673074672068,C,0.4177,NON-EDGE,2589.0,-2.9e-05,3315.0,-3.8e-05,0.9839,0.464857,0.5
E_DAAX,P11&realS00,ev_11 == 1 and setup == 'S00',11,real,S00,delta_ratio_volume_sma25_6 > 1.41784,NON-EDGE,563,False,undetermined,24,,,,,False,,,D,0.058,not-in-M3,,,,,,,
E_DAAX,P11&realS01,ev_11 == 1 and setup == 'S01',11,real,S01,delta_ratio_volume_sma25_6 > 1.41784,NON-EDGE,1042,False,undetermined,8,,,,,False,,,D,0.1097,not-in-M3,,,,,,,
E_DAAX,P11&realS02,ev_11 == 1 and setup == 'S02',11,real,S02,delta_ratio_volume_sma25_6 > 1.41784,NON-EDGE,478,False,undetermined,22,,,,,False,,,D,0.0636,not-in-M3,,,,,,,
E_DAAX,P11&realS03,ev_11 == 1 and setup == 'S03',11,real,S03,delta_ratio_volume_sma25_6 > 1.41784,NON-EDGE,1266,True,short,11,0.06702450115875086,-0.0007404597009104542,0.33153347732181426,0.2645089761630634,True,0.07454897565754925,0.17867324262185436,C,0.3826,NON-EDGE,1002.0,0.000254,1242.0,0.000111,1.0468,0.469404,0.75
E_DAAX,P11&fakeS00,ev_11 == 1 and fsetup == 'S00',11,fake,S00,delta_ratio_volume_sma25_6 > 1.41784,NON-EDGE,753,True,short,11,0.037910378675646283,-0.0007514928982883229,0.3024193548387097,0.2645089761630634,True,0.05814687747452063,0.03510277648514475,D,0.2075,NON-EDGE,548.0,0.00021,736.0,0.000193,1.0839,0.486413,0.5
E_DAAX,P11&fakeS01,ev_11 == 1 and fsetup == 'S01',11,fake,S01,delta_ratio_volume_sma25_6 > 1.41784,NON-EDGE,854,False,undetermined,4,,,,,False,,,D,0.131,not-in-M3,,,,,,,
E_DAAX,P11&fakeS02,ev_11 == 1 and fsetup == 'S02',11,fake,S02,delta_ratio_volume_sma25_6 > 1.41784,NON-EDGE,830,True,short,11,0.03197343589723811,-0.0009329096173708773,0.2964824120603015,0.2645089761630634,False,-0.026483472720031875,0.9998592592922682,C,0.3267,NON-EDGE,9.0,-0.000636,,,,,
E_DAAX,P11&fakeS03,ev_11 == 1 and fsetup == 'S03',11,fake,S03,delta_ratio_volume_sma25_6 > 1.41784,NON-EDGE,910,False,undetermined,1,,,,,False,,,D,0.0731,not-in-M3,,,,,,,
E_DAAX,P11&numericS03,ev_11 == 1 and nsetup == 'S03',11,numeric,S03,delta_ratio_volume_sma25_6 > 1.41784,NON-EDGE,1161,True,short,6,0.11649519509192102,-0.0005073908306522366,0.27705112960760997,0.16055593451568895,True,0.1116982759322089,0.07301816157170704,C,0.3748,NON-EDGE,916.0,0.000376,1141.0,0.000171,1.0691,0.469763,0.5
E_DAAX,P12,ev_12 == 1,12,parent,,delta_ratio_gap_upper_wick_12 < -0.00176408,NON-EDGE,2497,True,long,24,0.062080776232139756,0.0005858737318947735,0.410820451843044,0.34873967561090424,True,0.03745881563678649,0.12977881579747674,C,0.3776,NON-EDGE,1893.0,0.001238,2461.0,0.000878,1.24,0.557091,1.0
E_DAAX,P12&realS00,ev_12 == 1 and setup == 'S00',12,real,S00,delta_ratio_gap_upper_wick_12 < -0.00176408,NON-EDGE,528,False,undetermined,2,,,,,False,,,D,0.0575,not-in-M3,,,,,,,
E_DAAX,P12&realS01,ev_12 == 1 and setup == 'S01',12,real,S01,delta_ratio_gap_upper_wick_12 < -0.00176408,NON-EDGE,532,False,undetermined,24,,,,,False,,,D,0.1221,not-in-M3,,,,,,,
E_DAAX,P12&realS02,ev_12 == 1 and setup == 'S02',12,real,S02,delta_ratio_gap_upper_wick_12 < -0.00176408,NON-EDGE,676,False,undetermined,24,,,,,False,,,D,0.1236,not-in-M3,,,,,,,
E_DAAX,P12&realS03,ev_12 == 1 and setup == 'S03',12,real,S03,delta_ratio_gap_upper_wick_12 < -0.00176408,NON-EDGE,761,False,undetermined,6,,,,,False,,,D,0.0399,not-in-M3,,,,,,,
E_DAAX,P12&fakeS00,ev_12 == 1 and fsetup == 'S00',12,fake,S00,delta_ratio_gap_upper_wick_12 < -0.00176408,NON-EDGE,534,False,undetermined,24,,,,,False,,,D,0.092,not-in-M3,,,,,,,
E_DAAX,P12&fakeS01,ev_12 == 1 and fsetup == 'S01',12,fake,S01,delta_ratio_gap_upper_wick_12 < -0.00176408,NON-EDGE,566,False,undetermined,24,,,,,False,,,D,0.1229,not-in-M3,,,,,,,
E_DAAX,P12&fakeS02,ev_12 == 1 and fsetup == 'S02',12,fake,S02,delta_ratio_gap_upper_wick_12 < -0.00176408,NON-EDGE,689,False,undetermined,12,,,,,False,,,D,0.0794,not-in-M3,,,,,,,
E_DAAX,P12&fakeS03,ev_12 == 1 and fsetup == 'S03',12,fake,S03,delta_ratio_gap_upper_wick_12 < -0.00176408,NON-EDGE,708,False,undetermined,1,,,,,False,,,D,0.0584,not-in-M3,,,,,,,
E_DAAX,P12&numericS03,ev_12 == 1 and nsetup == 'S03',12,numeric,S03,delta_ratio_gap_upper_wick_12 < -0.00176408,NON-EDGE,780,False,undetermined,8,,,,,False,,,D,0.0712,not-in-M3,,,,,,,
E_DAAX,P13,ev_13 == 1,13,parent,,delta_pos_close_range48_1 > 0.113413 AND delta_pos_high_range96_1 > 0.0497216,NON-EDGE,2094,True,long,8,0.050066840988551464,0.00031901318238944756,0.3120274914089347,0.26196065042038325,True,0.041382497566601284,0.04458123299982181,D,0.1887,NON-EDGE,27.0,-3.9e-05,,,,,
E_DAAX,P13&realS00,ev_13 == 1 and setup == 'S00',13,real,S00,delta_pos_close_range48_1 > 0.113413 AND delta_pos_high_range96_1 > 0.0497216,NON-EDGE,325,False,undetermined,8,,,,,False,,,D,0.0515,not-in-M3,,,,,,,
E_DAAX,P13&realS01,ev_13 == 1 and setup == 'S01',13,real,S01,delta_pos_close_range48_1 > 0.113413 AND delta_pos_high_range96_1 > 0.0497216,NON-EDGE,477,False,undetermined,2,,,,,False,,,D,0.1157,not-in-M3,,,,,,,
E_DAAX,P13&realS02,ev_13 == 1 and setup == 'S02',13,real,S02,delta_pos_close_range48_1 > 0.113413 AND delta_pos_high_range96_1 > 0.0497216,NON-EDGE,594,False,undetermined,8,,,,,False,,,D,0.0762,not-in-M3,,,,,,,
E_DAAX,P13&realS03,ev_13 == 1 and setup == 'S03',13,real,S03,delta_pos_close_range48_1 > 0.113413 AND delta_pos_high_range96_1 > 0.0497216,NON-EDGE,698,False,undetermined,2,,,,,False,,,D,0.0997,not-in-M3,,,,,,,
E_DAAX,P13&fakeS00,ev_13 == 1 and fsetup == 'S00',13,fake,S00,delta_pos_close_range48_1 > 0.113413 AND delta_pos_high_range96_1 > 0.0497216,NON-EDGE,494,False,undetermined,1,,,,,False,,,D,0.0842,not-in-M3,,,,,,,
E_DAAX,P13&fakeS01,ev_13 == 1 and fsetup == 'S01',13,fake,S01,delta_pos_close_range48_1 > 0.113413 AND delta_pos_high_range96_1 > 0.0497216,NON-EDGE,465,False,undetermined,8,,,,,False,,,D,0.1233,not-in-M3,,,,,,,
E_DAAX,P13&fakeS02,ev_13 == 1 and fsetup == 'S02',13,fake,S02,delta_pos_close_range48_1 > 0.113413 AND delta_pos_high_range96_1 > 0.0497216,NON-EDGE,573,False,undetermined,24,,,,,False,,,D,0.0863,not-in-M3,,,,,,,
E_DAAX,P13&fakeS03,ev_13 == 1 and fsetup == 'S03',13,fake,S03,delta_pos_close_range48_1 > 0.113413 AND delta_pos_high_range96_1 > 0.0497216,NON-EDGE,560,False,undetermined,2,,,,,False,,,D,0.0808,not-in-M3,,,,,,,
E_DAAX,P13&numericS03,ev_13 == 1 and nsetup == 'S03',13,numeric,S03,delta_pos_close_range48_1 > 0.113413 AND delta_pos_high_range96_1 > 0.0497216,NON-EDGE,368,False,undetermined,4,,,,,False,,,D,0.0828,not-in-M3,,,,,,,
E_DAAX,P14,ev_14 == 1,14,parent,,delta_diffnorm_close_mdd12_mdd48_1 > 0.0583502,NON-EDGE,3342,False,undetermined,14,,,,,False,,,D,0.1169,not-in-M3,,,,,,,
E_DAAX,P14&realS00,ev_14 == 1 and setup == 'S00',14,real,S00,delta_diffnorm_close_mdd12_mdd48_1 > 0.0583502,NON-EDGE,979,False,undetermined,28,,,,,False,,,D,0.0572,not-in-M3,,,,,,,
E_DAAX,P14&realS01,ev_14 == 1 and setup == 'S01',14,real,S01,delta_diffnorm_close_mdd12_mdd48_1 > 0.0583502,NON-EDGE,985,False,undetermined,28,,,,,False,,,D,0.1407,not-in-M3,,,,,,,
E_DAAX,P14&realS02,ev_14 == 1 and setup == 'S02',14,real,S02,delta_diffnorm_close_mdd12_mdd48_1 > 0.0583502,NON-EDGE,709,False,undetermined,1,,,,,False,,,D,0.0647,not-in-M3,,,,,,,
E_DAAX,P14&realS03,ev_14 == 1 and setup == 'S03',14,real,S03,delta_diffnorm_close_mdd12_mdd48_1 > 0.0583502,NON-EDGE,669,True,short,1,0.04174399170852411,-0.00028445513966386183,0.061052631578947365,0.019308639870423257,False,0.03631113635850941,0.9354711039532755,C,0.3287,NON-EDGE,518.0,0.000162,657.0,-3e-05,0.9829,0.452055,0.25
E_DAAX,P14&fakeS00,ev_14 == 1 and fsetup == 'S00',14,fake,S00,delta_diffnorm_close_mdd12_mdd48_1 > 0.0583502,NON-EDGE,736,False,undetermined,2,,,,,False,,,D,0.1217,not-in-M3,,,,,,,
E_DAAX,P14&fakeS01,ev_14 == 1 and fsetup == 'S01',14,fake,S01,delta_diffnorm_close_mdd12_mdd48_1 > 0.0583502,NON-EDGE,779,False,undetermined,12,,,,,False,,,D,0.0979,not-in-M3,,,,,,,
E_DAAX,P14&fakeS02,ev_14 == 1 and fsetup == 'S02',14,fake,S02,delta_diffnorm_close_mdd12_mdd48_1 > 0.0583502,NON-EDGE,858,False,undetermined,24,,,,,False,,,D,0.0942,not-in-M3,,,,,,,
E_DAAX,P14&fakeS03,ev_14 == 1 and fsetup == 'S03',14,fake,S03,delta_diffnorm_close_mdd12_mdd48_1 > 0.0583502,NON-EDGE,969,False,undetermined,2,,,,,False,,,D,0.109,not-in-M3,,,,,,,
E_DAAX,P14&numericS03,ev_14 == 1 and nsetup == 'S03',14,numeric,S03,delta_diffnorm_close_mdd12_mdd48_1 > 0.0583502,NON-EDGE,792,False,undetermined,28,,,,,False,,,D,0.1363,not-in-M3,,,,,,,
E_DAAX,P15,ev_15 == 1,15,parent,,pr_ratio_volume_sma25_48 > 0.854167,NON-EDGE,4578,True,short,12,-0.02605310864886623,-0.00041864324171792303,0.2552262090483619,0.28127931769722814,True,-0.015382756052342461,0.04187208532936554,C,0.408,NON-EDGE,3500.0,-8.4e-05,4513.0,-0.000123,0.9491,0.460448,0.5
E_DAAX,P15&realS00,ev_15 == 1 and setup == 'S00',15,real,S00,pr_ratio_volume_sma25_48 > 0.854167,NON-EDGE,460,True,short,8,0.06192273718182806,-0.0006922000861607309,0.26717557251908397,0.2052528353372559,False,0.052553000895789764,0.6215826555956725,D,0.1371,NON-EDGE,314.0,0.000266,447.0,6.2e-05,1.0206,0.514541,0.5
E_DAAX,P15&realS01,ev_15 == 1 and setup == 'S01',15,real,S01,pr_ratio_volume_sma25_48 > 0.854167,NON-EDGE,1740,False,undetermined,15,,,,,False,,,D,0.1112,not-in-M3,,,,,,,
E_DAAX,P15&realS02,ev_15 == 1 and setup == 'S02',15,real,S02,pr_ratio_volume_sma25_48 > 0.854167,NON-EDGE,881,False,undetermined,2,,,,,False,,,D,0.0595,not-in-M3,,,,,,,
E_DAAX,P15&realS03,ev_15 == 1 and setup == 'S03',15,real,S03,pr_ratio_volume_sma25_48 > 0.854167,NON-EDGE,1497,False,undetermined,12,,,,,False,,,D,0.1167,not-in-M3,,,,,,,
E_DAAX,P15&fakeS00,ev_15 == 1 and fsetup == 'S00',15,fake,S00,pr_ratio_volume_sma25_48 > 0.854167,NON-EDGE,985,False,undetermined,30,,,,,False,,,D,0.0559,not-in-M3,,,,,,,
E_DAAX,P15&fakeS01,ev_15 == 1 and fsetup == 'S01',15,fake,S01,pr_ratio_volume_sma25_48 > 0.854167,NON-EDGE,1130,False,undetermined,12,,,,,False,,,D,0.1789,not-in-M3,,,,,,,
E_DAAX,P15&fakeS02,ev_15 == 1 and fsetup == 'S02',15,fake,S02,pr_ratio_volume_sma25_48 > 0.854167,NON-EDGE,1223,False,undetermined,30,,,,,False,,,D,0.149,not-in-M3,,,,,,,
E_DAAX,P15&fakeS03,ev_15 == 1 and fsetup == 'S03',15,fake,S03,pr_ratio_volume_sma25_48 > 0.854167,NON-EDGE,1238,False,undetermined,2,,,,,False,,,D,0.1376,not-in-M3,,,,,,,
E_DAAX,P15&numericS03,ev_15 == 1 and nsetup == 'S03',15,numeric,S03,pr_ratio_volume_sma25_48 > 0.854167,NON-EDGE,1456,False,undetermined,12,,,,,False,,,D,0.1302,not-in-M3,,,,,,,
E_DAAX,P16,ev_16 == 1,16,parent,,pr_diffnorm_gap_range_pct_48 > 0.916667,NON-EDGE,2838,True,short,8,-0.03689583736565347,-0.00039468547069346715,0.16835699797160245,0.2052528353372559,False,-0.04673657366957287,0.4384517064609084,C,0.3275,NON-EDGE,2159.0,-6e-05,2810.0,-0.000166,0.9218,0.460142,0.25
E_DAAX,P16&realS00,ev_16 == 1 and setup == 'S00',16,real,S00,pr_diffnorm_gap_range_pct_48 > 0.916667,NON-EDGE,1030,False,undetermined,8,,,,,False,,,D,0.1207,not-in-M3,,,,,,,
E_DAAX,P16&realS01,ev_16 == 1 and setup == 'S01',16,real,S01,pr_diffnorm_gap_range_pct_48 > 0.916667,NON-EDGE,269,False,undetermined,8,,,,,False,,,D,0.0793,not-in-M3,,,,,,,
E_DAAX,P16&realS02,ev_16 == 1 and setup == 'S02',16,real,S02,pr_diffnorm_gap_range_pct_48 > 0.916667,NON-EDGE,1013,False,undetermined,12,,,,,False,,,D,0.0418,not-in-M3,,,,,,,
E_DAAX,P16&realS03,ev_16 == 1 and setup == 'S03',16,real,S03,pr_diffnorm_gap_range_pct_48 > 0.916667,NON-EDGE,526,False,undetermined,1,,,,,False,,,D,0.0798,not-in-M3,,,,,,,
E_DAAX,P16&fakeS00,ev_16 == 1 and fsetup == 'S00',16,fake,S00,pr_diffnorm_gap_range_pct_48 > 0.916667,NON-EDGE,666,True,short,4,-0.02541075944196272,-0.0006847635302882258,0.08350730688935282,0.10891806633131554,True,-0.01835877665616585,0.04345598786484117,C,0.4081,NON-EDGE,5.0,0.000742,,,,,
E_DAAX,P16&fakeS01,ev_16 == 1 and fsetup == 'S01',16,fake,S01,pr_diffnorm_gap_range_pct_48 > 0.916667,NON-EDGE,578,False,undetermined,32,,,,,False,,,D,0.0752,not-in-M3,,,,,,,
E_DAAX,P16&fakeS02,ev_16 == 1 and fsetup == 'S02',16,fake,S02,pr_diffnorm_gap_range_pct_48 > 0.916667,NON-EDGE,784,False,undetermined,24,,,,,False,,,D,0.096,not-in-M3,,,,,,,
E_DAAX,P16&fakeS03,ev_16 == 1 and fsetup == 'S03',16,fake,S03,pr_diffnorm_gap_range_pct_48 > 0.916667,NON-EDGE,808,False,undetermined,8,,,,,False,,,D,0.1368,not-in-M3,,,,,,,
E_DAAX,P16&numericS03,ev_16 == 1 and nsetup == 'S03',16,numeric,S03,pr_diffnorm_gap_range_pct_48 > 0.916667,NON-EDGE,570,False,undetermined,8,,,,,False,,,D,0.1025,not-in-M3,,,,,,,
E_DAAX,P17,ev_17 == 1,17,parent,,pr_diffnorm_gap_range_pct_96 > 0.927083,NON-EDGE,2550,True,short,24,-0.010869456218784712,-0.0008112254890678454,0.4113082039911308,0.42217766020991554,False,-0.029237053306791994,0.24488929141247862,C,0.3517,NON-EDGE,1943.0,-7e-05,2522.0,-0.000326,0.9239,0.486915,0.25
E_DAAX,P17&realS00,ev_17 == 1 and setup == 'S00',17,real,S00,pr_diffnorm_gap_range_pct_96 > 0.927083,NON-EDGE,927,False,undetermined,24,,,,,False,,,D,0.119,not-in-M3,,,,,,,
E_DAAX,P17&realS01,ev_17 == 1 and setup == 'S01',17,real,S01,pr_diffnorm_gap_range_pct_96 > 0.927083,NON-EDGE,244,False,undetermined,34,,,,,False,,,D,0.0773,not-in-M3,,,,,,,
E_DAAX,P17&realS02,ev_17 == 1 and setup == 'S02',17,real,S02,pr_diffnorm_gap_range_pct_96 > 0.927083,NON-EDGE,907,False,undetermined,24,,,,,False,,,D,0.0408,not-in-M3,,,,,,,
E_DAAX,P17&realS03,ev_17 == 1 and setup == 'S03',17,real,S03,pr_diffnorm_gap_range_pct_96 > 0.927083,NON-EDGE,472,True,short,34,0.07080900182677513,-0.0019450442329485705,0.4508670520231214,0.38005805019634625,False,-0.008159664704121328,0.6205366296367627,C,0.3496,NON-EDGE,4.0,0.0048,,,,,
E_DAAX,P17&fakeS00,ev_17 == 1 and fsetup == 'S00',17,fake,S00,pr_diffnorm_gap_range_pct_96 > 0.927083,NON-EDGE,613,True,short,4,-0.025767081648602197,-0.000611919797332047,0.08315098468271334,0.10891806633131554,True,0.0007691542364709342,0.011565796584397145,C,0.3714,NON-EDGE,6.0,0.000584,,,,,
E_DAAX,P17&fakeS01,ev_17 == 1 and fsetup == 'S01',17,fake,S01,pr_diffnorm_gap_range_pct_96 > 0.927083,NON-EDGE,510,False,undetermined,1,,,,,False,,,D,0.0836,not-in-M3,,,,,,,
E_DAAX,P17&fakeS02,ev_17 == 1 and fsetup == 'S02',17,fake,S02,pr_diffnorm_gap_range_pct_96 > 0.927083,NON-EDGE,716,False,undetermined,24,,,,,False,,,D,0.1249,not-in-M3,,,,,,,
E_DAAX,P17&fakeS03,ev_17 == 1 and fsetup == 'S03',17,fake,S03,pr_diffnorm_gap_range_pct_96 > 0.927083,NON-EDGE,709,False,undetermined,17,,,,,False,,,D,0.1397,not-in-M3,,,,,,,
E_DAAX,P17&numericS03,ev_17 == 1 and nsetup == 'S03',17,numeric,S03,pr_diffnorm_gap_range_pct_96 > 0.927083,NON-EDGE,486,False,undetermined,8,,,,,False,,,D,0.1016,not-in-M3,,,,,,,
E_DAAX,P18,ev_18 == 1,18,parent,,delta_ratio_close_ret12_ret48_6 < -1.23157,NON-EDGE,5014,True,short,8,0.022442070376225642,-0.00048800627262798185,0.22769490571348155,0.2052528353372559,False,0.013284271741743847,0.7747848716741558,C,0.4334,NON-EDGE,3804.0,3.2e-05,4936.0,-0.000125,0.9442,0.448339,0.25
E_DAAX,P18&realS00,ev_18 == 1 and setup == 'S00',18,real,S00,delta_ratio_close_ret12_ret48_6 < -1.23157,NON-EDGE,1165,False,undetermined,8,,,,,False,,,D,0.1448,not-in-M3,,,,,,,
E_DAAX,P18&realS01,ev_18 == 1 and setup == 'S01',18,real,S01,delta_ratio_close_ret12_ret48_6 < -1.23157,NON-EDGE,1112,False,undetermined,4,,,,,False,,,D,0.0775,not-in-M3,,,,,,,
E_DAAX,P18&realS02,ev_18 == 1 and setup == 'S02',18,real,S02,delta_ratio_close_ret12_ret48_6 < -1.23157,NON-EDGE,1138,False,undetermined,2,,,,,False,,,D,0.0964,not-in-M3,,,,,,,
E_DAAX,P18&realS03,ev_18 == 1 and setup == 'S03',18,real,S03,delta_ratio_close_ret12_ret48_6 < -1.23157,NON-EDGE,1599,False,undetermined,8,,,,,False,,,D,0.1595,not-in-M3,,,,,,,
E_DAAX,P18&fakeS00,ev_18 == 1 and fsetup == 'S00',18,fake,S00,delta_ratio_close_ret12_ret48_6 < -1.23157,NON-EDGE,1141,False,undetermined,36,,,,,False,,,D,0.0905,not-in-M3,,,,,,,
E_DAAX,P18&fakeS01,ev_18 == 1 and fsetup == 'S01',18,fake,S01,delta_ratio_close_ret12_ret48_6 < -1.23157,NON-EDGE,1124,False,undetermined,18,,,,,False,,,D,0.0864,not-in-M3,,,,,,,
E_DAAX,P18&fakeS02,ev_18 == 1 and fsetup == 'S02',18,fake,S02,delta_ratio_close_ret12_ret48_6 < -1.23157,NON-EDGE,1286,True,short,8,0.05421903607491402,-0.0011273616194755645,0.25947187141216993,0.2052528353372559,False,-0.008753063500100244,0.9002210043909689,C,0.4466,NON-EDGE,961.0,0.000447,1266.0,0.000137,1.0652,0.474724,0.5
E_DAAX,P18&fakeS03,ev_18 == 1 and fsetup == 'S03',18,fake,S03,delta_ratio_close_ret12_ret48_6 < -1.23157,NON-EDGE,1458,False,undetermined,2,,,,,False,,,D,0.1277,not-in-M3,,,,,,,
E_DAAX,P18&numericS03,ev_18 == 1 and nsetup == 'S03',18,numeric,S03,delta_ratio_close_ret12_ret48_6 < -1.23157,NON-EDGE,1526,False,undetermined,8,,,,,False,,,D,0.139,not-in-M3,,,,,,,
E_DAAX,P19,ev_19 == 1,19,parent,,delta_pos_low_range24_1 < -0.154685 AND zs_diffnorm_body_close_pos_168 < -1,NON-EDGE,2132,False,undetermined,1,,,,,False,,,D,0.0729,not-in-M3,,,,,,,
E_DAAX,P19&realS00,ev_19 == 1 and setup == 'S00',19,real,S00,delta_pos_low_range24_1 < -0.154685 AND zs_diffnorm_body_close_pos_168 < -1,NON-EDGE,448,False,undetermined,1,,,,,False,,,D,0.0639,not-in-M3,,,,,,,
E_DAAX,P19&realS01,ev_19 == 1 and setup == 'S01',19,real,S01,delta_pos_low_range24_1 < -0.154685 AND zs_diffnorm_body_close_pos_168 < -1,NON-EDGE,604,False,undetermined,2,,,,,False,,,D,0.0739,not-in-M3,,,,,,,
E_DAAX,P19&realS02,ev_19 == 1 and setup == 'S02',19,real,S02,delta_pos_low_range24_1 < -0.154685 AND zs_diffnorm_body_close_pos_168 < -1,NON-EDGE,657,False,undetermined,38,,,,,False,,,D,0.1415,not-in-M3,,,,,,,
E_DAAX,P19&realS03,ev_19 == 1 and setup == 'S03',19,real,S03,delta_pos_low_range24_1 < -0.154685 AND zs_diffnorm_body_close_pos_168 < -1,NON-EDGE,423,True,short,4,0.10215459802854604,-0.0006445009737064457,0.21107266435986158,0.10891806633131554,True,0.05702632989663166,0.10059187343430542,C,0.3828,NON-EDGE,8.0,0.003085,,,,,
E_DAAX,P19&fakeS00,ev_19 == 1 and fsetup == 'S00',19,fake,S00,delta_pos_low_range24_1 < -0.154685 AND zs_diffnorm_body_close_pos_168 < -1,NON-EDGE,494,False,undetermined,12,,,,,False,,,D,0.0336,not-in-M3,,,,,,,
E_DAAX,P19&fakeS01,ev_19 == 1 and fsetup == 'S01',19,fake,S01,delta_pos_low_range24_1 < -0.154685 AND zs_diffnorm_body_close_pos_168 < -1,NON-EDGE,485,False,undetermined,24,,,,,False,,,D,0.0778,not-in-M3,,,,,,,
E_DAAX,P19&fakeS02,ev_19 == 1 and fsetup == 'S02',19,fake,S02,delta_pos_low_range24_1 < -0.154685 AND zs_diffnorm_body_close_pos_168 < -1,NON-EDGE,540,False,undetermined,8,,,,,False,,,D,0.108,not-in-M3,,,,,,,
E_DAAX,P19&fakeS03,ev_19 == 1 and fsetup == 'S03',19,fake,S03,delta_pos_low_range24_1 < -0.154685 AND zs_diffnorm_body_close_pos_168 < -1,NON-EDGE,612,False,undetermined,24,,,,,False,,,D,0.0595,not-in-M3,,,,,,,
E_DAAX,P19&numericS03,ev_19 == 1 and nsetup == 'S03',19,numeric,S03,delta_pos_low_range24_1 < -0.154685 AND zs_diffnorm_body_close_pos_168 < -1,NON-EDGE,609,False,undetermined,2,,,,,False,,,D,0.1039,not-in-M3,,,,,,,
