asset,name,formula,parent,kind,setup,parent_expr,parent_baseline_verdict,n_active,m2_promoted,direction,verdict,is_trades,is_expectancy,oos_trades,oos_expectancy,oos_pf,oos_win_pct,wf_profitable
E_SandP-500,P00,ev_00 == 1,0,parent,,pr_diffnorm_gap_range_pct_168 < 0.14881,NON-EDGE,4880,True,long,NON-EDGE,64.0,-0.000276,,,,,
E_SandP-500,P00&realS00,ev_00 == 1 and setup == 'S00',0,real,S00,pr_diffnorm_gap_range_pct_168 < 0.14881,NON-EDGE,518,False,undetermined,not-in-M3,,,,,,,
E_SandP-500,P00&realS01,ev_00 == 1 and setup == 'S01',0,real,S01,pr_diffnorm_gap_range_pct_168 < 0.14881,NON-EDGE,1791,False,undetermined,not-in-M3,,,,,,,
E_SandP-500,P00&realS02,ev_00 == 1 and setup == 'S02',0,real,S02,pr_diffnorm_gap_range_pct_168 < 0.14881,NON-EDGE,520,False,undetermined,not-in-M3,,,,,,,
E_SandP-500,P00&realS03,ev_00 == 1 and setup == 'S03',0,real,S03,pr_diffnorm_gap_range_pct_168 < 0.14881,NON-EDGE,2051,True,long,NON-EDGE,1555.0,0.000514,2015.0,0.000406,1.219,0.542928,1.0
E_SandP-500,P00&fakeS00,ev_00 == 1 and fsetup == 'S00',0,fake,S00,pr_diffnorm_gap_range_pct_168 < 0.14881,NON-EDGE,1118,False,undetermined,not-in-M3,,,,,,,
E_SandP-500,P00&fakeS01,ev_00 == 1 and fsetup == 'S01',0,fake,S01,pr_diffnorm_gap_range_pct_168 < 0.14881,NON-EDGE,1394,True,long,NON-EDGE,15.0,-0.001402,,,,,
E_SandP-500,P00&fakeS02,ev_00 == 1 and fsetup == 'S02',0,fake,S02,pr_diffnorm_gap_range_pct_168 < 0.14881,NON-EDGE,966,True,short,NON-EDGE,19.0,-0.000852,,,,,
E_SandP-500,P00&fakeS03,ev_00 == 1 and fsetup == 'S03',0,fake,S03,pr_diffnorm_gap_range_pct_168 < 0.14881,NON-EDGE,1399,True,long,NON-EDGE,19.0,-0.001361,,,,,
E_SandP-500,P01,ev_01 == 1,1,parent,,zs_range_pct_168 > 1,NON-EDGE,4540,True,long,NON-EDGE,53.0,-0.000583,,,,,
E_SandP-500,P01&realS00,ev_01 == 1 and setup == 'S00',1,real,S00,zs_range_pct_168 > 1,NON-EDGE,475,False,undetermined,not-in-M3,,,,,,,
E_SandP-500,P01&realS01,ev_01 == 1 and setup == 'S01',1,real,S01,zs_range_pct_168 > 1,NON-EDGE,1696,False,undetermined,not-in-M3,,,,,,,
E_SandP-500,P01&realS02,ev_01 == 1 and setup == 'S02',1,real,S02,zs_range_pct_168 > 1,NON-EDGE,464,False,undetermined,not-in-M3,,,,,,,
E_SandP-500,P01&realS03,ev_01 == 1 and setup == 'S03',1,real,S03,zs_range_pct_168 > 1,NON-EDGE,1905,True,long,NON-EDGE,33.0,-0.000848,,,,,
E_SandP-500,P01&fakeS00,ev_01 == 1 and fsetup == 'S00',1,fake,S00,zs_range_pct_168 > 1,NON-EDGE,1046,False,undetermined,not-in-M3,,,,,,,
E_SandP-500,P01&fakeS01,ev_01 == 1 and fsetup == 'S01',1,fake,S01,zs_range_pct_168 > 1,NON-EDGE,1287,True,long,NON-EDGE,13.0,-0.001706,,,,,
E_SandP-500,P01&fakeS02,ev_01 == 1 and fsetup == 'S02',1,fake,S02,zs_range_pct_168 > 1,NON-EDGE,908,True,short,NON-EDGE,14.0,-0.000741,,,,,
E_SandP-500,P01&fakeS03,ev_01 == 1 and fsetup == 'S03',1,fake,S03,zs_range_pct_168 > 1,NON-EDGE,1296,True,long,NON-EDGE,17.0,-0.001226,,,,,
E_SandP-500,P02,ev_02 == 1,2,parent,,delta_pos_close_range12_1 > 0.189028 AND pr_ratio_body_lower_wick_168 > 0.851852,NON-EDGE,2132,False,undetermined,not-in-M3,,,,,,,
E_SandP-500,P02&realS00,ev_02 == 1 and setup == 'S00',2,real,S00,delta_pos_close_range12_1 > 0.189028 AND pr_ratio_body_lower_wick_168 > 0.851852,NON-EDGE,476,False,undetermined,not-in-M3,,,,,,,
E_SandP-500,P02&realS01,ev_02 == 1 and setup == 'S01',2,real,S01,delta_pos_close_range12_1 > 0.189028 AND pr_ratio_body_lower_wick_168 > 0.851852,NON-EDGE,430,False,undetermined,not-in-M3,,,,,,,
E_SandP-500,P02&realS02,ev_02 == 1 and setup == 'S02',2,real,S02,delta_pos_close_range12_1 > 0.189028 AND pr_ratio_body_lower_wick_168 > 0.851852,NON-EDGE,518,False,undetermined,not-in-M3,,,,,,,
E_SandP-500,P02&realS03,ev_02 == 1 and setup == 'S03',2,real,S03,delta_pos_close_range12_1 > 0.189028 AND pr_ratio_body_lower_wick_168 > 0.851852,NON-EDGE,708,True,long,NON-EDGE,9.0,-0.001364,,,,,
E_SandP-500,P02&fakeS00,ev_02 == 1 and fsetup == 'S00',2,fake,S00,delta_pos_close_range12_1 > 0.189028 AND pr_ratio_body_lower_wick_168 > 0.851852,NON-EDGE,548,False,undetermined,not-in-M3,,,,,,,
E_SandP-500,P02&fakeS01,ev_02 == 1 and fsetup == 'S01',2,fake,S01,delta_pos_close_range12_1 > 0.189028 AND pr_ratio_body_lower_wick_168 > 0.851852,NON-EDGE,516,False,undetermined,not-in-M3,,,,,,,
E_SandP-500,P02&fakeS02,ev_02 == 1 and fsetup == 'S02',2,fake,S02,delta_pos_close_range12_1 > 0.189028 AND pr_ratio_body_lower_wick_168 > 0.851852,NON-EDGE,457,False,undetermined,not-in-M3,,,,,,,
E_SandP-500,P02&fakeS03,ev_02 == 1 and fsetup == 'S03',2,fake,S03,delta_pos_close_range12_1 > 0.189028 AND pr_ratio_body_lower_wick_168 > 0.851852,NON-EDGE,609,False,undetermined,not-in-M3,,,,,,,
E_SandP-500,P03,ev_03 == 1,3,parent,,pr_ratio_close_pos_gap_168 < 0.0833333,NON-EDGE,2421,True,long,NON-EDGE,16.0,-0.000467,,,,,
E_SandP-500,P03&realS00,ev_03 == 1 and setup == 'S00',3,real,S00,pr_ratio_close_pos_gap_168 < 0.0833333,NON-EDGE,688,False,undetermined,not-in-M3,,,,,,,
E_SandP-500,P03&realS01,ev_03 == 1 and setup == 'S01',3,real,S01,pr_ratio_close_pos_gap_168 < 0.0833333,NON-EDGE,502,False,undetermined,not-in-M3,,,,,,,
E_SandP-500,P03&realS02,ev_03 == 1 and setup == 'S02',3,real,S02,pr_ratio_close_pos_gap_168 < 0.0833333,NON-EDGE,576,False,undetermined,not-in-M3,,,,,,,
E_SandP-500,P03&realS03,ev_03 == 1 and setup == 'S03',3,real,S03,pr_ratio_close_pos_gap_168 < 0.0833333,NON-EDGE,655,True,long,NON-EDGE,6.0,0.002833,,,,,
E_SandP-500,P03&fakeS00,ev_03 == 1 and fsetup == 'S00',3,fake,S00,pr_ratio_close_pos_gap_168 < 0.0833333,NON-EDGE,625,False,undetermined,not-in-M3,,,,,,,
E_SandP-500,P03&fakeS01,ev_03 == 1 and fsetup == 'S01',3,fake,S01,pr_ratio_close_pos_gap_168 < 0.0833333,NON-EDGE,543,True,long,NON-EDGE,3.0,0.002394,,,,,
E_SandP-500,P03&fakeS02,ev_03 == 1 and fsetup == 'S02',3,fake,S02,pr_ratio_close_pos_gap_168 < 0.0833333,NON-EDGE,559,False,undetermined,not-in-M3,,,,,,,
E_SandP-500,P03&fakeS03,ev_03 == 1 and fsetup == 'S03',3,fake,S03,pr_ratio_close_pos_gap_168 < 0.0833333,NON-EDGE,691,False,undetermined,not-in-M3,,,,,,,
E_SandP-500,P04,ev_04 == 1,4,parent,,zs_diffnorm_gap_range_pct_168 < -1,NON-EDGE,4521,True,long,NON-EDGE,53.0,-0.00052,,,,,
E_SandP-500,P04&realS00,ev_04 == 1 and setup == 'S00',4,real,S00,zs_diffnorm_gap_range_pct_168 < -1,NON-EDGE,472,False,undetermined,not-in-M3,,,,,,,
E_SandP-500,P04&realS01,ev_04 == 1 and setup == 'S01',4,real,S01,zs_diffnorm_gap_range_pct_168 < -1,NON-EDGE,1686,False,undetermined,not-in-M3,,,,,,,
E_SandP-500,P04&realS02,ev_04 == 1 and setup == 'S02',4,real,S02,zs_diffnorm_gap_range_pct_168 < -1,NON-EDGE,460,False,undetermined,not-in-M3,,,,,,,
E_SandP-500,P04&realS03,ev_04 == 1 and setup == 'S03',4,real,S03,zs_diffnorm_gap_range_pct_168 < -1,NON-EDGE,1903,True,long,NON-EDGE,33.0,-0.000254,,,,,
E_SandP-500,P04&fakeS00,ev_04 == 1 and fsetup == 'S00',4,fake,S00,zs_diffnorm_gap_range_pct_168 < -1,NON-EDGE,1037,False,undetermined,not-in-M3,,,,,,,
E_SandP-500,P04&fakeS01,ev_04 == 1 and fsetup == 'S01',4,fake,S01,zs_diffnorm_gap_range_pct_168 < -1,NON-EDGE,1283,True,long,NON-EDGE,13.0,-0.001706,,,,,
E_SandP-500,P04&fakeS02,ev_04 == 1 and fsetup == 'S02',4,fake,S02,zs_diffnorm_gap_range_pct_168 < -1,NON-EDGE,912,True,short,NON-EDGE,16.0,-0.001239,,,,,
E_SandP-500,P04&fakeS03,ev_04 == 1 and fsetup == 'S03',4,fake,S03,zs_diffnorm_gap_range_pct_168 < -1,NON-EDGE,1286,True,long,NON-EDGE,16.0,-0.001646,,,,,
E_SandP-500,P05,ev_05 == 1,5,parent,,pr_diffnorm_gap_range_pct_96 < 0.15625,NON-EDGE,4864,True,long,NON-EDGE,61.0,-0.000585,,,,,
E_SandP-500,P05&realS00,ev_05 == 1 and setup == 'S00',5,real,S00,pr_diffnorm_gap_range_pct_96 < 0.15625,NON-EDGE,507,False,undetermined,not-in-M3,,,,,,,
E_SandP-500,P05&realS01,ev_05 == 1 and setup == 'S01',5,real,S01,pr_diffnorm_gap_range_pct_96 < 0.15625,NON-EDGE,1808,False,undetermined,not-in-M3,,,,,,,
E_SandP-500,P05&realS02,ev_05 == 1 and setup == 'S02',5,real,S02,pr_diffnorm_gap_range_pct_96 < 0.15625,NON-EDGE,538,False,undetermined,not-in-M3,,,,,,,
E_SandP-500,P05&realS03,ev_05 == 1 and setup == 'S03',5,real,S03,pr_diffnorm_gap_range_pct_96 < 0.15625,NON-EDGE,2011,True,long,NON-EDGE,31.0,-0.001591,,,,,
E_SandP-500,P05&fakeS00,ev_05 == 1 and fsetup == 'S00',5,fake,S00,pr_diffnorm_gap_range_pct_96 < 0.15625,NON-EDGE,1115,False,undetermined,not-in-M3,,,,,,,
E_SandP-500,P05&fakeS01,ev_05 == 1 and fsetup == 'S01',5,fake,S01,pr_diffnorm_gap_range_pct_96 < 0.15625,NON-EDGE,1391,True,long,NON-EDGE,18.0,-0.001213,,,,,
E_SandP-500,P05&fakeS02,ev_05 == 1 and fsetup == 'S02',5,fake,S02,pr_diffnorm_gap_range_pct_96 < 0.15625,NON-EDGE,959,True,short,NON-EDGE,12.0,-0.00039,,,,,
E_SandP-500,P05&fakeS03,ev_05 == 1 and fsetup == 'S03',5,fake,S03,pr_diffnorm_gap_range_pct_96 < 0.15625,NON-EDGE,1397,True,long,NON-EDGE,18.0,-0.001223,,,,,
E_SandP-500,P06,ev_06 == 1,6,parent,,pr_diffnorm_gap_range_pct_96 < 0.104167,NON-EDGE,3191,True,long,NON-EDGE,42.0,-0.000245,,,,,
E_SandP-500,P06&realS00,ev_06 == 1 and setup == 'S00',6,real,S00,pr_diffnorm_gap_range_pct_96 < 0.104167,NON-EDGE,322,True,long,NON-EDGE,3.0,0.001524,,,,,
E_SandP-500,P06&realS01,ev_06 == 1 and setup == 'S01',6,real,S01,pr_diffnorm_gap_range_pct_96 < 0.104167,NON-EDGE,1212,False,undetermined,not-in-M3,,,,,,,
E_SandP-500,P06&realS02,ev_06 == 1 and setup == 'S02',6,real,S02,pr_diffnorm_gap_range_pct_96 < 0.104167,NON-EDGE,289,False,undetermined,not-in-M3,,,,,,,
E_SandP-500,P06&realS03,ev_06 == 1 and setup == 'S03',6,real,S03,pr_diffnorm_gap_range_pct_96 < 0.104167,NON-EDGE,1368,True,long,NON-EDGE,24.0,-0.00159,,,,,
E_SandP-500,P06&fakeS00,ev_06 == 1 and fsetup == 'S00',6,fake,S00,pr_diffnorm_gap_range_pct_96 < 0.104167,NON-EDGE,732,False,undetermined,not-in-M3,,,,,,,
E_SandP-500,P06&fakeS01,ev_06 == 1 and fsetup == 'S01',6,fake,S01,pr_diffnorm_gap_range_pct_96 < 0.104167,NON-EDGE,911,True,long,NON-EDGE,15.0,-0.001467,,,,,
E_SandP-500,P06&fakeS02,ev_06 == 1 and fsetup == 'S02',6,fake,S02,pr_diffnorm_gap_range_pct_96 < 0.104167,NON-EDGE,652,False,undetermined,not-in-M3,,,,,,,
E_SandP-500,P06&fakeS03,ev_06 == 1 and fsetup == 'S03',6,fake,S03,pr_diffnorm_gap_range_pct_96 < 0.104167,NON-EDGE,895,True,long,NON-EDGE,667.0,0.00086,883.0,0.00064,1.3018,0.546999,0.75
E_SandP-500,P07,ev_07 == 1,7,parent,,pr_range_pct_96 > 0.90625 AND zs_range_pct_96 > 1,NON-EDGE,3158,True,long,NON-EDGE,43.0,-6e-06,,,,,
E_SandP-500,P07&realS00,ev_07 == 1 and setup == 'S00',7,real,S00,pr_range_pct_96 > 0.90625 AND zs_range_pct_96 > 1,NON-EDGE,323,False,undetermined,not-in-M3,,,,,,,
E_SandP-500,P07&realS01,ev_07 == 1 and setup == 'S01',7,real,S01,pr_range_pct_96 > 0.90625 AND zs_range_pct_96 > 1,NON-EDGE,1218,False,undetermined,not-in-M3,,,,,,,
E_SandP-500,P07&realS02,ev_07 == 1 and setup == 'S02',7,real,S02,pr_range_pct_96 > 0.90625 AND zs_range_pct_96 > 1,NON-EDGE,267,False,undetermined,not-in-M3,,,,,,,
E_SandP-500,P07&realS03,ev_07 == 1 and setup == 'S03',7,real,S03,pr_range_pct_96 > 0.90625 AND zs_range_pct_96 > 1,NON-EDGE,1350,True,long,NON-EDGE,24.0,-0.000616,,,,,
E_SandP-500,P07&fakeS00,ev_07 == 1 and fsetup == 'S00',7,fake,S00,pr_range_pct_96 > 0.90625 AND zs_range_pct_96 > 1,NON-EDGE,722,False,undetermined,not-in-M3,,,,,,,
E_SandP-500,P07&fakeS01,ev_07 == 1 and fsetup == 'S01',7,fake,S01,pr_range_pct_96 > 0.90625 AND zs_range_pct_96 > 1,NON-EDGE,918,True,long,NON-EDGE,14.0,-0.000632,,,,,
E_SandP-500,P07&fakeS02,ev_07 == 1 and fsetup == 'S02',7,fake,S02,pr_range_pct_96 > 0.90625 AND zs_range_pct_96 > 1,NON-EDGE,638,False,undetermined,not-in-M3,,,,,,,
E_SandP-500,P07&fakeS03,ev_07 == 1 and fsetup == 'S03',7,fake,S03,pr_range_pct_96 > 0.90625 AND zs_range_pct_96 > 1,NON-EDGE,878,True,long,NON-EDGE,651.0,0.000817,865.0,0.000604,1.2821,0.546821,0.75
E_SandP-500,P08,ev_08 == 1,8,parent,,pr_range_pct_96 > 0.90625,NON-EDGE,3196,True,long,NON-EDGE,44.0,-5.5e-05,,,,,
E_SandP-500,P08&realS00,ev_08 == 1 and setup == 'S00',8,real,S00,pr_range_pct_96 > 0.90625,NON-EDGE,329,False,undetermined,not-in-M3,,,,,,,
E_SandP-500,P08&realS01,ev_08 == 1 and setup == 'S01',8,real,S01,pr_range_pct_96 > 0.90625,NON-EDGE,1228,False,undetermined,not-in-M3,,,,,,,
E_SandP-500,P08&realS02,ev_08 == 1 and setup == 'S02',8,real,S02,pr_range_pct_96 > 0.90625,NON-EDGE,274,False,undetermined,not-in-M3,,,,,,,
E_SandP-500,P08&realS03,ev_08 == 1 and setup == 'S03',8,real,S03,pr_range_pct_96 > 0.90625,NON-EDGE,1365,True,long,NON-EDGE,24.0,-0.000616,,,,,
E_SandP-500,P08&fakeS00,ev_08 == 1 and fsetup == 'S00',8,fake,S00,pr_range_pct_96 > 0.90625,NON-EDGE,728,False,undetermined,not-in-M3,,,,,,,
E_SandP-500,P08&fakeS01,ev_08 == 1 and fsetup == 'S01',8,fake,S01,pr_range_pct_96 > 0.90625,NON-EDGE,932,True,long,NON-EDGE,14.0,-0.000632,,,,,
E_SandP-500,P08&fakeS02,ev_08 == 1 and fsetup == 'S02',8,fake,S02,pr_range_pct_96 > 0.90625,NON-EDGE,642,False,undetermined,not-in-M3,,,,,,,
E_SandP-500,P08&fakeS03,ev_08 == 1 and fsetup == 'S03',8,fake,S03,pr_range_pct_96 > 0.90625,NON-EDGE,892,True,long,NON-EDGE,661.0,0.000803,879.0,0.000578,1.2668,0.544937,0.75
E_SandP-500,P09,ev_09 == 1,9,parent,,zs_range_pct_96 > 1,NON-EDGE,4582,True,long,NON-EDGE,60.0,-0.000124,,,,,
E_SandP-500,P09&realS00,ev_09 == 1 and setup == 'S00',9,real,S00,zs_range_pct_96 > 1,NON-EDGE,484,True,long,NON-EDGE,5.0,0.002449,,,,,
E_SandP-500,P09&realS01,ev_09 == 1 and setup == 'S01',9,real,S01,zs_range_pct_96 > 1,NON-EDGE,1726,False,undetermined,not-in-M3,,,,,,,
E_SandP-500,P09&realS02,ev_09 == 1 and setup == 'S02',9,real,S02,zs_range_pct_96 > 1,NON-EDGE,481,False,undetermined,not-in-M3,,,,,,,
E_SandP-500,P09&realS03,ev_09 == 1 and setup == 'S03',9,real,S03,zs_range_pct_96 > 1,NON-EDGE,1891,True,long,NON-EDGE,31.0,-0.000725,,,,,
E_SandP-500,P09&fakeS00,ev_09 == 1 and fsetup == 'S00',9,fake,S00,zs_range_pct_96 > 1,NON-EDGE,1081,False,undetermined,not-in-M3,,,,,,,
E_SandP-500,P09&fakeS01,ev_09 == 1 and fsetup == 'S01',9,fake,S01,zs_range_pct_96 > 1,NON-EDGE,1286,True,long,NON-EDGE,17.0,-0.00141,,,,,
E_SandP-500,P09&fakeS02,ev_09 == 1 and fsetup == 'S02',9,fake,S02,zs_range_pct_96 > 1,NON-EDGE,908,True,short,NON-EDGE,15.0,-0.000284,,,,,
E_SandP-500,P09&fakeS03,ev_09 == 1 and fsetup == 'S03',9,fake,S03,zs_range_pct_96 > 1,NON-EDGE,1304,True,long,NON-EDGE,15.0,-0.000312,,,,,
E_SandP-500,P10,ev_10 == 1,10,parent,,pr_ratio_close_pos_gap_168 < 0.0833333 AND pr_ratio_close_pos_gap_96 < 0.104167,NON-EDGE,2372,True,long,NON-EDGE,16.0,-0.000669,,,,,
E_SandP-500,P10&realS00,ev_10 == 1 and setup == 'S00',10,real,S00,pr_ratio_close_pos_gap_168 < 0.0833333 AND pr_ratio_close_pos_gap_96 < 0.104167,NON-EDGE,671,False,undetermined,not-in-M3,,,,,,,
E_SandP-500,P10&realS01,ev_10 == 1 and setup == 'S01',10,real,S01,pr_ratio_close_pos_gap_168 < 0.0833333 AND pr_ratio_close_pos_gap_96 < 0.104167,NON-EDGE,490,False,undetermined,not-in-M3,,,,,,,
E_SandP-500,P10&realS02,ev_10 == 1 and setup == 'S02',10,real,S02,pr_ratio_close_pos_gap_168 < 0.0833333 AND pr_ratio_close_pos_gap_96 < 0.104167,NON-EDGE,565,False,undetermined,not-in-M3,,,,,,,
E_SandP-500,P10&realS03,ev_10 == 1 and setup == 'S03',10,real,S03,pr_ratio_close_pos_gap_168 < 0.0833333 AND pr_ratio_close_pos_gap_96 < 0.104167,NON-EDGE,646,True,long,NON-EDGE,6.0,0.002833,,,,,
E_SandP-500,P10&fakeS00,ev_10 == 1 and fsetup == 'S00',10,fake,S00,pr_ratio_close_pos_gap_168 < 0.0833333 AND pr_ratio_close_pos_gap_96 < 0.104167,NON-EDGE,610,False,undetermined,not-in-M3,,,,,,,
E_SandP-500,P10&fakeS01,ev_10 == 1 and fsetup == 'S01',10,fake,S01,pr_ratio_close_pos_gap_168 < 0.0833333 AND pr_ratio_close_pos_gap_96 < 0.104167,NON-EDGE,527,True,long,NON-EDGE,3.0,0.000881,,,,,
E_SandP-500,P10&fakeS02,ev_10 == 1 and fsetup == 'S02',10,fake,S02,pr_ratio_close_pos_gap_168 < 0.0833333 AND pr_ratio_close_pos_gap_96 < 0.104167,NON-EDGE,552,False,undetermined,not-in-M3,,,,,,,
E_SandP-500,P10&fakeS03,ev_10 == 1 and fsetup == 'S03',10,fake,S03,pr_ratio_close_pos_gap_168 < 0.0833333 AND pr_ratio_close_pos_gap_96 < 0.104167,NON-EDGE,680,False,undetermined,not-in-M3,,,,,,,
E_SandP-500,P11,ev_11 == 1,11,parent,,ratio_close_sma_03_low_lag1 < 1.00009,NON-EDGE,2678,True,short,NON-EDGE,2044.0,-5.4e-05,2642.0,-9.8e-05,0.9078,0.42165,0.25
E_SandP-500,P11&realS00,ev_11 == 1 and setup == 'S00',11,real,S00,ratio_close_sma_03_low_lag1 < 1.00009,NON-EDGE,744,False,undetermined,not-in-M3,,,,,,,
E_SandP-500,P11&realS01,ev_11 == 1 and setup == 'S01',11,real,S01,ratio_close_sma_03_low_lag1 < 1.00009,NON-EDGE,513,True,short,NON-EDGE,6.0,0.000535,,,,,
E_SandP-500,P11&realS02,ev_11 == 1 and setup == 'S02',11,real,S02,ratio_close_sma_03_low_lag1 < 1.00009,NON-EDGE,599,False,undetermined,not-in-M3,,,,,,,
E_SandP-500,P11&realS03,ev_11 == 1 and setup == 'S03',11,real,S03,ratio_close_sma_03_low_lag1 < 1.00009,NON-EDGE,820,False,undetermined,not-in-M3,,,,,,,
E_SandP-500,P11&fakeS00,ev_11 == 1 and fsetup == 'S00',11,fake,S00,ratio_close_sma_03_low_lag1 < 1.00009,NON-EDGE,658,False,undetermined,not-in-M3,,,,,,,
E_SandP-500,P11&fakeS01,ev_11 == 1 and fsetup == 'S01',11,fake,S01,ratio_close_sma_03_low_lag1 < 1.00009,NON-EDGE,624,False,undetermined,not-in-M3,,,,,,,
E_SandP-500,P11&fakeS02,ev_11 == 1 and fsetup == 'S02',11,fake,S02,ratio_close_sma_03_low_lag1 < 1.00009,NON-EDGE,645,True,short,NON-EDGE,9.0,0.010793,,,,,
E_SandP-500,P11&fakeS03,ev_11 == 1 and fsetup == 'S03',11,fake,S03,ratio_close_sma_03_low_lag1 < 1.00009,NON-EDGE,750,True,short,NON-EDGE,9.0,0.004374,,,,,
E_SandP-500,P12,ev_12 == 1,12,parent,,ratio_close_sma_03_low_lag1 < 1.00014 AND delta_close_rsi_14_1 < -3.98517,NON-EDGE,1911,True,short,NON-EDGE,1435.0,-2.4e-05,1882.0,-9.1e-05,0.9227,0.418704,0.0
E_SandP-500,P12&realS00,ev_12 == 1 and setup == 'S00',12,real,S00,ratio_close_sma_03_low_lag1 < 1.00014 AND delta_close_rsi_14_1 < -3.98517,NON-EDGE,559,False,undetermined,not-in-M3,,,,,,,
E_SandP-500,P12&realS01,ev_12 == 1 and setup == 'S01',12,real,S01,ratio_close_sma_03_low_lag1 < 1.00014 AND delta_close_rsi_14_1 < -3.98517,NON-EDGE,459,True,short,NON-EDGE,5.0,0.000382,,,,,
E_SandP-500,P12&realS02,ev_12 == 1 and setup == 'S02',12,real,S02,ratio_close_sma_03_low_lag1 < 1.00014 AND delta_close_rsi_14_1 < -3.98517,NON-EDGE,334,False,undetermined,not-in-M3,,,,,,,
E_SandP-500,P12&realS03,ev_12 == 1 and setup == 'S03',12,real,S03,ratio_close_sma_03_low_lag1 < 1.00014 AND delta_close_rsi_14_1 < -3.98517,NON-EDGE,557,False,undetermined,not-in-M3,,,,,,,
E_SandP-500,P12&fakeS00,ev_12 == 1 and fsetup == 'S00',12,fake,S00,ratio_close_sma_03_low_lag1 < 1.00014 AND delta_close_rsi_14_1 < -3.98517,NON-EDGE,464,False,undetermined,not-in-M3,,,,,,,
E_SandP-500,P12&fakeS01,ev_12 == 1 and fsetup == 'S01',12,fake,S01,ratio_close_sma_03_low_lag1 < 1.00014 AND delta_close_rsi_14_1 < -3.98517,NON-EDGE,472,False,undetermined,not-in-M3,,,,,,,
E_SandP-500,P12&fakeS02,ev_12 == 1 and fsetup == 'S02',12,fake,S02,ratio_close_sma_03_low_lag1 < 1.00014 AND delta_close_rsi_14_1 < -3.98517,NON-EDGE,429,True,short,NON-EDGE,8.0,0.008394,,,,,
E_SandP-500,P12&fakeS03,ev_12 == 1 and fsetup == 'S03',12,fake,S03,ratio_close_sma_03_low_lag1 < 1.00014 AND delta_close_rsi_14_1 < -3.98517,NON-EDGE,545,True,short,NON-EDGE,7.0,0.005005,,,,,
E_SandP-500,P13,ev_13 == 1,13,parent,,pr_ratio_close_ret03_ret06_48 > 0.916667 AND ratio_close_ret03_ret06 > 2.22123,NON-EDGE,2170,True,long,NON-EDGE,1660.0,0.000457,2136.0,0.000362,1.1684,0.543539,1.0
E_SandP-500,P13&realS00,ev_13 == 1 and setup == 'S00',13,real,S00,pr_ratio_close_ret03_ret06_48 > 0.916667 AND ratio_close_ret03_ret06 > 2.22123,NON-EDGE,548,True,long,NON-EDGE,6.0,0.001861,,,,,
E_SandP-500,P13&realS01,ev_13 == 1 and setup == 'S01',13,real,S01,pr_ratio_close_ret03_ret06_48 > 0.916667 AND ratio_close_ret03_ret06 > 2.22123,NON-EDGE,479,False,undetermined,not-in-M3,,,,,,,
E_SandP-500,P13&realS02,ev_13 == 1 and setup == 'S02',13,real,S02,pr_ratio_close_ret03_ret06_48 > 0.916667 AND ratio_close_ret03_ret06 > 2.22123,NON-EDGE,535,False,undetermined,not-in-M3,,,,,,,
E_SandP-500,P13&realS03,ev_13 == 1 and setup == 'S03',13,real,S03,pr_ratio_close_ret03_ret06_48 > 0.916667 AND ratio_close_ret03_ret06 > 2.22123,NON-EDGE,608,True,long,NON-EDGE,7.0,0.001404,,,,,
E_SandP-500,P13&fakeS00,ev_13 == 1 and fsetup == 'S00',13,fake,S00,pr_ratio_close_ret03_ret06_48 > 0.916667 AND ratio_close_ret03_ret06 > 2.22123,NON-EDGE,539,True,long,NON-EDGE,419.0,0.000324,529.0,0.000253,1.1789,0.529301,1.0
E_SandP-500,P13&fakeS01,ev_13 == 1 and fsetup == 'S01',13,fake,S01,pr_ratio_close_ret03_ret06_48 > 0.916667 AND ratio_close_ret03_ret06 > 2.22123,NON-EDGE,535,False,undetermined,not-in-M3,,,,,,,
E_SandP-500,P13&fakeS02,ev_13 == 1 and fsetup == 'S02',13,fake,S02,pr_ratio_close_ret03_ret06_48 > 0.916667 AND ratio_close_ret03_ret06 > 2.22123,NON-EDGE,480,False,undetermined,not-in-M3,,,,,,,
E_SandP-500,P13&fakeS03,ev_13 == 1 and fsetup == 'S03',13,fake,S03,pr_ratio_close_ret03_ret06_48 > 0.916667 AND ratio_close_ret03_ret06 > 2.22123,NON-EDGE,615,False,undetermined,not-in-M3,,,,,,,
E_SandP-500,P14,ev_14 == 1,14,parent,,ratio_close_sma_03_low_lag1 < 1.00014,NON-EDGE,3348,True,short,NON-EDGE,2548.0,-7.7e-05,3309.0,-0.000123,0.8764,0.409791,0.0
E_SandP-500,P14&realS00,ev_14 == 1 and setup == 'S00',14,real,S00,ratio_close_sma_03_low_lag1 < 1.00014,NON-EDGE,996,False,undetermined,not-in-M3,,,,,,,
E_SandP-500,P14&realS01,ev_14 == 1 and setup == 'S01',14,real,S01,ratio_close_sma_03_low_lag1 < 1.00014,NON-EDGE,610,True,short,NON-EDGE,6.0,0.000535,,,,,
E_SandP-500,P14&realS02,ev_14 == 1 and setup == 'S02',14,real,S02,ratio_close_sma_03_low_lag1 < 1.00014,NON-EDGE,773,False,undetermined,not-in-M3,,,,,,,
E_SandP-500,P14&realS03,ev_14 == 1 and setup == 'S03',14,real,S03,ratio_close_sma_03_low_lag1 < 1.00014,NON-EDGE,967,False,undetermined,not-in-M3,,,,,,,
E_SandP-500,P14&fakeS00,ev_14 == 1 and fsetup == 'S00',14,fake,S00,ratio_close_sma_03_low_lag1 < 1.00014,NON-EDGE,836,False,undetermined,not-in-M3,,,,,,,
E_SandP-500,P14&fakeS01,ev_14 == 1 and fsetup == 'S01',14,fake,S01,ratio_close_sma_03_low_lag1 < 1.00014,NON-EDGE,778,False,undetermined,not-in-M3,,,,,,,
E_SandP-500,P14&fakeS02,ev_14 == 1 and fsetup == 'S02',14,fake,S02,ratio_close_sma_03_low_lag1 < 1.00014,NON-EDGE,803,True,short,NON-EDGE,9.0,0.008996,,,,,
E_SandP-500,P14&fakeS03,ev_14 == 1 and fsetup == 'S03',14,fake,S03,ratio_close_sma_03_low_lag1 < 1.00014,NON-EDGE,929,True,short,NON-EDGE,9.0,0.004374,,,,,
E_SandP-500,P15,ev_15 == 1,15,parent,,pr_diffnorm_gap_range_pct_96 < 0.104167 AND zs_diffnorm_gap_range_pct_168 < -1,NON-EDGE,3022,True,long,NON-EDGE,36.0,-0.0006,,,,,
E_SandP-500,P15&realS00,ev_15 == 1 and setup == 'S00',15,real,S00,pr_diffnorm_gap_range_pct_96 < 0.104167 AND zs_diffnorm_gap_range_pct_168 < -1,NON-EDGE,300,False,undetermined,not-in-M3,,,,,,,
E_SandP-500,P15&realS01,ev_15 == 1 and setup == 'S01',15,real,S01,pr_diffnorm_gap_range_pct_96 < 0.104167 AND zs_diffnorm_gap_range_pct_168 < -1,NON-EDGE,1154,False,undetermined,not-in-M3,,,,,,,
E_SandP-500,P15&realS02,ev_15 == 1 and setup == 'S02',15,real,S02,pr_diffnorm_gap_range_pct_96 < 0.104167 AND zs_diffnorm_gap_range_pct_168 < -1,NON-EDGE,260,False,undetermined,not-in-M3,,,,,,,
E_SandP-500,P15&realS03,ev_15 == 1 and setup == 'S03',15,real,S03,pr_diffnorm_gap_range_pct_96 < 0.104167 AND zs_diffnorm_gap_range_pct_168 < -1,NON-EDGE,1308,True,long,NON-EDGE,23.0,-0.001711,,,,,
E_SandP-500,P15&fakeS00,ev_15 == 1 and fsetup == 'S00',15,fake,S00,pr_diffnorm_gap_range_pct_96 < 0.104167 AND zs_diffnorm_gap_range_pct_168 < -1,NON-EDGE,694,False,undetermined,not-in-M3,,,,,,,
E_SandP-500,P15&fakeS01,ev_15 == 1 and fsetup == 'S01',15,fake,S01,pr_diffnorm_gap_range_pct_96 < 0.104167 AND zs_diffnorm_gap_range_pct_168 < -1,NON-EDGE,863,True,long,NON-EDGE,12.0,-0.001798,,,,,
E_SandP-500,P15&fakeS02,ev_15 == 1 and fsetup == 'S02',15,fake,S02,pr_diffnorm_gap_range_pct_96 < 0.104167 AND zs_diffnorm_gap_range_pct_168 < -1,NON-EDGE,616,False,undetermined,not-in-M3,,,,,,,
E_SandP-500,P15&fakeS03,ev_15 == 1 and fsetup == 'S03',15,fake,S03,pr_diffnorm_gap_range_pct_96 < 0.104167 AND zs_diffnorm_gap_range_pct_168 < -1,NON-EDGE,848,True,long,NON-EDGE,9.0,-0.00013,,,,,
E_SandP-500,P16,ev_16 == 1,16,parent,,pr_ratio_close_pos_gap_168 < 0.101796,NON-EDGE,3011,True,long,NON-EDGE,20.0,-0.000418,,,,,
E_SandP-500,P16&realS00,ev_16 == 1 and setup == 'S00',16,real,S00,pr_ratio_close_pos_gap_168 < 0.101796,NON-EDGE,833,False,undetermined,not-in-M3,,,,,,,
E_SandP-500,P16&realS01,ev_16 == 1 and setup == 'S01',16,real,S01,pr_ratio_close_pos_gap_168 < 0.101796,NON-EDGE,636,False,undetermined,not-in-M3,,,,,,,
E_SandP-500,P16&realS02,ev_16 == 1 and setup == 'S02',16,real,S02,pr_ratio_close_pos_gap_168 < 0.101796,NON-EDGE,713,False,undetermined,not-in-M3,,,,,,,
E_SandP-500,P16&realS03,ev_16 == 1 and setup == 'S03',16,real,S03,pr_ratio_close_pos_gap_168 < 0.101796,NON-EDGE,829,True,long,NON-EDGE,6.0,0.002833,,,,,
E_SandP-500,P16&fakeS00,ev_16 == 1 and fsetup == 'S00',16,fake,S00,pr_ratio_close_pos_gap_168 < 0.101796,NON-EDGE,780,False,undetermined,not-in-M3,,,,,,,
E_SandP-500,P16&fakeS01,ev_16 == 1 and fsetup == 'S01',16,fake,S01,pr_ratio_close_pos_gap_168 < 0.101796,NON-EDGE,695,True,long,NON-EDGE,3.0,0.002394,,,,,
E_SandP-500,P16&fakeS02,ev_16 == 1 and fsetup == 'S02',16,fake,S02,pr_ratio_close_pos_gap_168 < 0.101796,NON-EDGE,688,False,undetermined,not-in-M3,,,,,,,
E_SandP-500,P16&fakeS03,ev_16 == 1 and fsetup == 'S03',16,fake,S03,pr_ratio_close_pos_gap_168 < 0.101796,NON-EDGE,845,False,undetermined,not-in-M3,,,,,,,
E_SandP-500,P17,ev_17 == 1,17,parent,,delta_diffnorm_close_mdd12_mdd24_1 > 0.0968705,NON-EDGE,3338,True,long,NON-EDGE,2578.0,0.001524,3292.0,0.001444,1.3183,0.571689,1.0
E_SandP-500,P17&realS00,ev_17 == 1 and setup == 'S00',17,real,S00,delta_diffnorm_close_mdd12_mdd24_1 > 0.0968705,NON-EDGE,1098,False,undetermined,not-in-M3,,,,,,,
E_SandP-500,P17&realS01,ev_17 == 1 and setup == 'S01',17,real,S01,delta_diffnorm_close_mdd12_mdd24_1 > 0.0968705,NON-EDGE,1079,False,undetermined,not-in-M3,,,,,,,
E_SandP-500,P17&realS02,ev_17 == 1 and setup == 'S02',17,real,S02,delta_diffnorm_close_mdd12_mdd24_1 > 0.0968705,NON-EDGE,613,False,undetermined,not-in-M3,,,,,,,
E_SandP-500,P17&realS03,ev_17 == 1 and setup == 'S03',17,real,S03,delta_diffnorm_close_mdd12_mdd24_1 > 0.0968705,NON-EDGE,548,False,undetermined,not-in-M3,,,,,,,
E_SandP-500,P17&fakeS00,ev_17 == 1 and fsetup == 'S00',17,fake,S00,delta_diffnorm_close_mdd12_mdd24_1 > 0.0968705,NON-EDGE,774,False,undetermined,not-in-M3,,,,,,,
E_SandP-500,P17&fakeS01,ev_17 == 1 and fsetup == 'S01',17,fake,S01,delta_diffnorm_close_mdd12_mdd24_1 > 0.0968705,NON-EDGE,907,False,undetermined,not-in-M3,,,,,,,
E_SandP-500,P17&fakeS02,ev_17 == 1 and fsetup == 'S02',17,fake,S02,delta_diffnorm_close_mdd12_mdd24_1 > 0.0968705,NON-EDGE,733,False,undetermined,not-in-M3,,,,,,,
E_SandP-500,P17&fakeS03,ev_17 == 1 and fsetup == 'S03',17,fake,S03,delta_diffnorm_close_mdd12_mdd24_1 > 0.0968705,NON-EDGE,924,True,long,NON-EDGE,697.0,0.001813,914.0,0.000624,1.1872,0.580963,0.5
E_SandP-500,P18,ev_18 == 1,18,parent,,ratio_close_ret03_ret06 > 2.22123,NON-EDGE,2671,True,long,NON-EDGE,2040.0,0.00034,2621.0,0.000355,1.1515,0.532621,1.0
E_SandP-500,P18&realS00,ev_18 == 1 and setup == 'S00',18,real,S00,ratio_close_ret03_ret06 > 2.22123,NON-EDGE,682,True,long,NON-EDGE,519.0,0.001115,670.0,0.000777,1.4018,0.570149,0.75
E_SandP-500,P18&realS01,ev_18 == 1 and setup == 'S01',18,real,S01,ratio_close_ret03_ret06 > 2.22123,NON-EDGE,578,False,undetermined,not-in-M3,,,,,,,
E_SandP-500,P18&realS02,ev_18 == 1 and setup == 'S02',18,real,S02,ratio_close_ret03_ret06 > 2.22123,NON-EDGE,670,False,undetermined,not-in-M3,,,,,,,
E_SandP-500,P18&realS03,ev_18 == 1 and setup == 'S03',18,real,S03,ratio_close_ret03_ret06 > 2.22123,NON-EDGE,739,True,long,NON-EDGE,551.0,0.000784,728.0,0.00068,1.2875,0.553571,1.0
E_SandP-500,P18&fakeS00,ev_18 == 1 and fsetup == 'S00',18,fake,S00,ratio_close_ret03_ret06 > 2.22123,NON-EDGE,663,True,long,NON-EDGE,518.0,0.001133,645.0,0.000588,1.2547,0.564341,1.0
E_SandP-500,P18&fakeS01,ev_18 == 1 and fsetup == 'S01',18,fake,S01,ratio_close_ret03_ret06 > 2.22123,NON-EDGE,654,False,undetermined,not-in-M3,,,,,,,
E_SandP-500,P18&fakeS02,ev_18 == 1 and fsetup == 'S02',18,fake,S02,ratio_close_ret03_ret06 > 2.22123,NON-EDGE,601,False,undetermined,not-in-M3,,,,,,,
E_SandP-500,P18&fakeS03,ev_18 == 1 and fsetup == 'S03',18,fake,S03,ratio_close_ret03_ret06 > 2.22123,NON-EDGE,750,False,undetermined,not-in-M3,,,,,,,
E_SandP-500,P19,ev_19 == 1,19,parent,,ratio_close_ret06_ret12 crosses_below -1.16127,NON-EDGE,1998,True,short,NON-EDGE,1510.0,-2.7e-05,1968.0,-6.9e-05,0.902,0.400407,0.25
E_SandP-500,P19&realS00,ev_19 == 1 and setup == 'S00',19,real,S00,ratio_close_ret06_ret12 crosses_below -1.16127,NON-EDGE,524,False,undetermined,not-in-M3,,,,,,,
E_SandP-500,P19&realS01,ev_19 == 1 and setup == 'S01',19,real,S01,ratio_close_ret06_ret12 crosses_below -1.16127,NON-EDGE,306,False,undetermined,not-in-M3,,,,,,,
E_SandP-500,P19&realS02,ev_19 == 1 and setup == 'S02',19,real,S02,ratio_close_ret06_ret12 crosses_below -1.16127,NON-EDGE,699,False,undetermined,not-in-M3,,,,,,,
E_SandP-500,P19&realS03,ev_19 == 1 and setup == 'S03',19,real,S03,ratio_close_ret06_ret12 crosses_below -1.16127,NON-EDGE,469,True,short,NON-EDGE,4.0,0.002891,,,,,
E_SandP-500,P19&fakeS00,ev_19 == 1 and fsetup == 'S00',19,fake,S00,ratio_close_ret06_ret12 crosses_below -1.16127,NON-EDGE,515,False,undetermined,not-in-M3,,,,,,,
E_SandP-500,P19&fakeS01,ev_19 == 1 and fsetup == 'S01',19,fake,S01,ratio_close_ret06_ret12 crosses_below -1.16127,NON-EDGE,464,True,short,NON-EDGE,8.0,0.002505,,,,,
E_SandP-500,P19&fakeS02,ev_19 == 1 and fsetup == 'S02',19,fake,S02,ratio_close_ret06_ret12 crosses_below -1.16127,NON-EDGE,451,True,short,NON-EDGE,8.0,0.000344,,,,,
E_SandP-500,P19&fakeS03,ev_19 == 1 and fsetup == 'S03',19,fake,S03,ratio_close_ret06_ret12 crosses_below -1.16127,NON-EDGE,567,False,undetermined,not-in-M3,,,,,,,
