formation,size,n_assets,radius,hits_real_fit_nonmember,hits_shuf_fit,excess_fit,p_fit,hits_real_hold,hits_shuf_hold,excess_hold,p_hold,q_hold,selected
G001,20,15,0.1886226295629207,67,89,0.7527342756845724,0.96739661322656,31,40,0.7748201021355619,0.8826442916276013,0.9941468566895738,False
G002,18,13,0.16624472976786586,49,66,0.7423505599865267,0.9535920395089051,25,20,1.249709842154132,0.27600366825997347,0.9941468566895738,False
G003,17,14,0.15860099673564568,22,24,0.916575691411936,0.6706309614881718,11,12,0.9164538842463633,0.6613860357383066,0.9941468566895738,False
G004,16,14,0.1478146049091603,15,25,0.5999404525605398,0.9596547661240038,9,6,1.4996518105849583,0.3037789696573414,0.9941468566895738,False
G005,15,13,0.16117327300340734,11,31,0.3548034934497816,0.9995296629858785,10,15,0.6665119158155369,0.8853515668106433,0.9941468566895738,False
G006,15,14,0.1704386750262651,46,51,0.90187126855506,0.7286949209770625,13,21,0.6189039218287129,0.9393567245234125,0.9941468566895738,False
G007,15,11,0.13418178669163386,17,26,0.6537812624057165,0.9368552628072848,11,11,0.9997678737233054,0.5843087848172008,0.9941468566895738,False
G008,15,13,0.15764555784332046,37,60,0.616605465131666,0.9928051834964522,22,32,0.6873404131847725,0.9332734555566349,0.9941468566895738,False
G009,15,12,0.13526117917507963,23,18,1.277650963786335,0.26635462761805684,6,14,0.4284719458814167,0.9793309981152828,0.9941468566895738,False
G010,15,11,0.16875506760094755,32,41,0.7804103447941982,0.879177638429624,13,24,0.5415409316001238,0.9765235727681576,0.9941468566895738,False
G011,15,12,0.17421788928192367,34,34,0.9999007542675664,0.5482013271582437,12,10,1.1997214484679666,0.41612071465184813,0.9941468566895738,False
G012,14,11,0.17728246527549277,38,41,0.9267372844431104,0.67351781224177,17,12,1.416337821108016,0.22931995083248863,0.9941468566895738,False
G013,14,10,0.1351507942967465,24,27,0.8888006704600591,0.7120753261340766,11,11,0.9997678737233054,0.5843087848172008,0.9941468566895738,False
G014,14,10,0.1551966240347732,26,61,0.42618720673699556,0.9999546960070174,16,28,0.5712959278418889,0.9756605768923005,0.9941468566895738,False
G015,14,13,0.15694704349292501,19,19,0.9999007542675665,0.564292660317733,8,13,0.615241768445111,0.9054665077399985,0.9941468566895738,False
G016,14,12,0.1736417820492806,22,18,1.2221009218825811,0.3179140013144206,8,5,1.5996285979572888,0.29067324993736765,0.9941468566895738,False
G017,14,11,0.1636500202144021,51,53,0.9621686503329413,0.6156040949306638,21,21,0.9997678737233054,0.561491146674471,0.9941468566895738,False
G018,14,12,0.1666758894676221,60,51,1.1763538285500783,0.2239030660718742,25,29,0.8618688566580219,0.7519623466947252,0.9941468566895738,False
G019,14,8,0.16827149772833164,44,53,0.8301062865617532,0.8450332328804964,18,22,0.8179918966827046,0.7854201376928639,0.9941468566895738,False
G020,13,8,0.13891769381470276,11,15,0.7332605531295487,0.8365302085876465,14,5,2.799350046425255,0.031820116270509576,0.551548682022166,False
G021,13,8,0.1766896263404144,37,35,1.057037940225713,0.4531471623515405,23,13,1.7688200842796944,0.0663389034086172,0.76655628204018,False
G022,13,10,0.1610704239953497,72,51,1.411624594260094,0.035450833687507136,32,16,1.999535747446611,0.014682255126241675,0.551548682022166,False
G023,13,11,0.1501018733677336,17,29,0.5861487180189182,0.9729619840705652,9,7,1.28541583764425,0.4019920645306088,0.9941468566895738,False
G024,13,12,0.14830063604535662,17,31,0.5483326716951171,0.9853475266397353,13,11,1.1815438507639064,0.4196343952167076,0.9941468566895738,False
G025,13,9,0.15763128376286437,21,15,1.399861055974593,0.2025161230703816,11,8,1.374680826369545,0.32398704056790906,0.9941468566895738,False
G026,13,10,0.16616574996669312,28,36,0.7777005866525517,0.8697822617116733,18,15,1.1997214484679666,0.3644185436664769,0.9941468566895738,False
G027,13,10,0.16725035673064054,25,27,0.9258340317292283,0.6610956804287698,12,10,1.1997214484679666,0.41612071465184813,0.9941468566895738,False
G028,13,11,0.17056697043285915,35,46,0.760794052160105,0.9089616265295785,18,29,0.6205455767937759,0.9605974317694033,0.9941468566895738,False
G029,13,11,0.19117034012769937,102,100,1.0198987693529178,0.4719652369285634,43,53,0.8111324258509838,0.8695070260113882,0.9941468566895738,False
G030,13,9,0.16277185569645422,17,20,0.8499156411274315,0.7443121092073852,16,20,0.7998142989786444,0.7976813235656092,0.9941468566895738,False
G031,12,10,0.1456473938448873,13,15,0.8665806536985576,0.7142059057950974,9,9,0.9997678737233054,0.5929290384426006,0.9941468566895738,False
G032,12,11,0.1867475158511804,52,91,0.5713718595814665,0.999617847399063,18,30,0.5998607242339833,0.9703225321149591,0.9941468566895738,False
G033,12,12,0.1930149037980137,80,63,1.2697152435143702,0.09035054292074304,37,25,1.479656453110492,0.08107806829271136,0.76655628204018,False
G034,12,8,0.1684296170963205,29,25,1.1598848749503772,0.34174461411766854,15,9,1.6662797895388424,0.153863860376938,0.9941468566895738,False
G035,12,7,0.17293849780211837,47,35,1.3427238700164466,0.11212226415304091,13,15,0.8664654905601982,0.7144163482916985,0.9941468566895738,False
G036,12,8,0.1793161048596393,21,68,0.30879287999439553,0.999999911151797,17,26,0.6536943789729304,0.9369496930011313,0.9941468566895738,False
G037,12,10,0.1533303871562843,21,37,0.5675112389086188,0.9876269820787796,20,19,1.0523872354982162,0.5002910520648199,0.9941468566895738,False
G038,12,10,0.17879164775655088,63,43,1.464970872531551,0.0322317959947469,21,27,0.7775972351181265,0.8440297618835226,0.9941468566895738,False
G039,12,12,0.1580343726921397,38,42,0.9046721110039887,0.7117846869058034,13,13,0.9997678737233054,0.5777243606957772,0.9941468566895738,False
G040,12,11,0.1925424231475205,39,39,0.9999007542675665,0.5450267740627379,28,17,1.646676497897209,0.06768018018290284,0.76655628204018,False
G041,12,10,0.19131353716033347,23,29,0.7930247361432423,0.8341251183152547,14,13,1.0766730947789442,0.5002428605465887,0.9941468566895738,False
G042,12,10,0.12480350821363213,18,9,1.999801508535133,0.06103906035423279,8,5,1.5996285979572888,0.29067324993736765,0.9941468566895738,False
G043,12,10,0.16485926183576627,9,14,0.64279334202915,0.8949801921844482,11,13,0.8459574316120276,0.7295618431716355,0.9941468566895738,False
G044,12,7,0.1428966476504601,16,17,0.9410830628400626,0.6358337595593184,9,9,0.9997678737233054,0.5929290384426006,0.9941468566895738,False
G045,12,8,0.15088982195396755,18,38,0.47363719938989995,0.9977192336267959,7,16,0.4373984447539461,0.9826789001677632,0.9941468566895738,False
G046,12,10,0.15294418135594273,51,60,0.8499156411274315,0.8287097087140506,23,28,0.8212378962727153,0.7997022435548664,0.9941468566895738,False
G047,12,9,0.1675708346136256,37,47,0.7871559129340417,0.8850677965154399,2,9,0.222170638605179,0.9941468566895738,0.9941468566895738,False
G048,12,11,0.1374785710767095,15,45,0.3333002514225222,0.9999788814771886,8,11,0.727103908162404,0.820492115258634,0.9941468566895738,False
G049,12,12,0.1443327437926537,30,24,1.2498759428344581,0.24830871765896673,10,15,0.6665119158155369,0.8853515668106433,0.9941468566895738,False
G050,11,7,0.17590668630490286,48,50,0.9599047240968638,0.6189818902353779,18,21,0.8569438917628333,0.7390382542783862,0.9941468566895738,False
G051,11,10,0.15365676955766797,12,29,0.41375203624864815,0.9978379975327698,8,11,0.727103908162404,0.820492115258634,0.9941468566895738,False
G052,11,8,0.1472160285386597,8,23,0.34779156670176226,0.9983365535736084,8,9,0.888682554420716,0.6856427914293933,0.9941468566895738,False
G053,11,6,0.1392930699458302,6,12,0.4999503771337832,0.951873779296875,2,5,0.3999071494893222,0.9375380787965285,0.9941468566895738,False
G054,11,8,0.1385632327600349,14,14,0.9999007542675665,0.5747229903936386,7,8,0.8747968895078923,0.6965401630822455,0.9941468566895738,False
G055,11,10,0.15583971205798533,20,38,0.5262635548776665,0.9940359301421184,12,8,1.4996518105849581,0.251889702410608,0.9941468566895738,False
G056,11,10,0.16360694168836792,1,18,0.05555004190375369,0.9999980926513672,9,6,1.4996518105849583,0.3037789696573414,0.9941468566895738,False
G057,11,9,0.19537920662658814,45,73,0.6163771772882259,0.9963349900154654,19,33,0.5756239272952365,0.9817956618609245,0.9941468566895738,False
G058,11,9,0.1944502497939505,20,33,0.6060004571318585,0.9732805947311445,18,13,1.3842939790014999,0.23676554899304336,0.9941468566895738,False
G059,11,10,0.1433632620534463,24,26,0.9229853116315998,0.6640944831173172,10,10,0.9997678737233054,0.5883030376883845,0.9941468566895738,False
G060,11,8,0.21506503490295092,20,20,0.9999007542675665,0.5626853438097896,15,17,0.8821481238735048,0.7019218520924151,0.9941468566895738,False
G061,11,9,0.1792966779948205,34,33,1.0302007771241593,0.4999999999999998,20,9,2.2217063860517894,0.03075750480305374,0.551548682022166,False
G062,11,10,0.1816300369529361,56,60,0.933240703983062,0.6786662873101943,24,10,2.399442896935933,0.012174534470079212,0.551548682022166,False
G063,11,8,0.14803142733006783,20,25,0.7999206034140531,0.8143509827644948,6,9,0.6665119158155369,0.8492274466368313,0.9941468566895738,False
G064,11,10,0.16386679385653366,35,61,0.573713547530571,0.9972135011189177,28,21,1.3330238316310739,0.19602698525950826,0.9941468566895738,False
G065,11,8,0.17159838651823173,31,23,1.3476923209693288,0.17044547061004856,14,18,0.7775972351181264,0.8116355300230607,0.9941468566895738,False
G066,11,10,0.18222206596951226,71,87,0.8160109603792783,0.9119779051638202,26,25,1.0397585886722378,0.5003323292607483,0.9941468566895738,False
G067,11,10,0.15659325029250024,44,62,0.7096069868995633,0.9677682040052531,14,27,0.5183981567454177,0.9862594433164567,0.9941468566895738,False
G068,11,10,0.17445153432331004,16,32,0.4999503771337832,0.9933583592188775,8,14,0.5712959278418889,0.9331705145650999,0.9941468566895738,False
G069,10,8,0.15198986727503908,11,10,1.099890829694323,0.5,7,2,3.499187558031569,0.08990089472103949,0.7791410875823422,False
G070,10,9,0.18128306470135172,43,28,1.5355618726251914,0.04796181570541188,20,11,1.8177597704060098,0.07489796950955346,0.76655628204018,False
G071,10,10,0.15750875368017866,38,47,0.8084303970673942,0.8610003554597241,22,32,0.6873404131847725,0.9332734555566349,0.9941468566895738,False
G072,10,7,0.17652807009891952,66,63,1.0475150758993552,0.4301553393082158,25,20,1.249709842154132,0.27600366825997347,0.9941468566895738,False
G073,10,9,0.1515389881485471,23,13,1.769055180627233,0.06624908198136838,6,15,0.3999071494893222,0.986716161136497,0.9941468566895738,False
G074,10,8,0.15672724936420654,14,32,0.43745657999206033,0.9977330692089055,14,11,1.272431839284207,0.3452348839897479,0.9941468566895738,False
G075,10,9,0.1587328580145839,23,34,0.676403451416295,0.9444194404480033,8,10,0.7998142989786444,0.7598137938188274,0.9941468566895738,False
G076,10,8,0.14973719035215466,23,26,0.8845275903136165,0.7159137935754174,11,18,0.6109692561642421,0.9320592708707468,0.9941468566895738,False
G077,10,9,0.179204402936711,27,35,0.7713520104349799,0.8735728029059446,30,18,1.6662797895388424,0.05579193772505484,0.76655628204018,False
G078,10,7,0.15593671185848307,14,24,0.5832754399894138,0.9635243057418847,9,15,0.5998607242339833,0.9242865670226319,0.9941468566895738,False
G079,10,10,0.18147419635389664,33,42,0.7856363069245165,0.875977129053736,21,13,1.6150096421684166,0.11487222931374458,0.8533365606163883,False
G080,10,9,0.16668876366575083,42,61,0.6884562570366851,0.9758831739145014,24,31,0.7740138377212689,0.8598874759143453,0.9941468566895738,False
G081,10,10,0.15333628551253864,14,12,1.1665508799788276,0.42250949144363403,9,7,1.28541583764425,0.4019920645306088,0.9941468566895738,False
G082,10,9,0.14114637829909102,26,29,0.8964627452054045,0.7049733341116823,16,13,1.230483536890222,0.3557703443524697,0.9941468566895738,False
G083,10,9,0.17499797087960964,12,17,0.7058122971300469,0.867534551769495,8,7,1.1425918556837777,0.5001823615638403,0.9941468566895738,False
G084,10,8,0.15359467894070258,22,35,0.6285090455396132,0.9686316598220858,4,10,0.3999071494893222,0.9713418323953076,0.9941468566895738,False
G085,10,7,0.1413102761289785,11,11,0.9999007542675664,0.5840940475463867,12,8,1.4996518105849581,0.251889702410608,0.9941468566895738,False
G086,10,8,0.15065846166097285,8,17,0.4705415314200313,0.9783573746681213,12,3,3.999071494893222,0.01759747536108973,0.551548682022166,False
G087,10,8,0.16700362189165724,26,36,0.722150544748798,0.9190592972372011,15,14,1.0711798647035415,0.5002515341364087,0.9941468566895738,False
G088,10,9,0.19805406801528289,88,88,0.9999007542675664,0.5300287213306096,46,57,0.8068302138819659,0.8817827077832107,0.9941468566895738,False
G089,10,8,0.13218876767504856,15,17,0.8822653714125587,0.7016925520729274,6,12,0.4998839368616527,0.9519230797784727,0.9941468566895738,False
G090,10,10,0.15911131857430372,32,36,0.8888006704600591,0.7276938882903704,17,18,0.9442252140720105,0.6323211648003472,0.9941468566895738,False
G091,10,9,0.1704898757749862,38,28,1.3570081665059832,0.13390583242329354,9,13,0.6921469895007499,0.8569844957960708,0.9941468566895738,False
G092,10,6,0.17892050106974447,28,42,0.6666005028450444,0.9638810364041187,11,13,0.8459574316120276,0.7295618431716355,0.9941468566895738,False
G093,10,9,0.16478154417693014,28,32,0.8749131599841207,0.740520998405174,10,12,0.8331398947694212,0.7384453950041383,0.9941468566895738,False
G094,10,8,0.18512416991322955,31,30,1.0332307794098188,0.4999999999999999,17,11,1.5450958048451084,0.17262213061445525,0.9941468566895738,False
G095,10,7,0.14311163294541976,33,48,0.6874317685589519,0.9626059228585832,16,14,1.1425918556837777,0.4280193246878395,0.9941468566895738,False
G096,10,9,0.17080599269391378,30,22,1.3635010285466815,0.1658748816847453,23,11,2.0904237359669118,0.028850824614385477,0.551548682022166,False
G097,10,9,0.15093682033960226,15,13,1.1537316395394999,0.4252770096063614,3,7,0.4284719458814167,0.9453532963426783,0.9941468566895738,False
G098,10,7,0.19086639804916913,56,62,0.9031361651448988,0.7402545906216862,19,21,0.9045518857496573,0.6823492856606912,0.9941468566895738,False
G099,10,9,0.1807158847708766,33,35,0.9427635683094198,0.6418496199228315,15,8,1.8745647632311977,0.1051216133978995,0.8409729071831961,False
G100,10,8,0.19457320456617774,51,79,0.6455055502233656,0.9946529724380854,31,34,0.9115530613359552,0.6902589008738473,0.9941468566895738,False
G101,10,7,0.1805255728683863,17,32,0.5311972757046447,0.9893529429293064,9,10,0.899791086350975,0.6763811018390933,0.9941468566895738,False
G102,10,8,0.17802361972013236,39,44,0.886275668555343,0.7447950291593828,16,15,1.0664190653048593,0.5002599186064551,0.9941468566895738,False
G103,10,8,0.15573092194520027,19,17,1.1175361371225743,0.4339697002142202,5,5,0.9997678737233054,0.6231896953498056,0.9941468566895738,False
G104,10,9,0.14613636547235315,20,28,0.7142148244768332,0.9032936735690313,9,10,0.899791086350975,0.6763811018390933,0.9941468566895738,False
