metric,tau_pct,tau,data,n_ids,coverage,largest
dtw,0.5,0.1894,real,24,0.012951568082572449,13
dtw,0.5,0.1894,shuffled,25,0.014143920595533498,15
dtw,1.0,0.2212,real,104,0.06093687971417229,20
dtw,1.0,0.2212,shuffled,115,0.068287841191067,29
dtw,2.0,0.2537,real,270,0.16971020246129417,29
dtw,2.0,0.2537,shuffled,261,0.1712655086848635,36
dtw,5.0,0.318,real,632,0.4808455736403335,47
dtw,5.0,0.318,shuffled,618,0.47012406947890817,85
euc,0.5,0.3149,real,141,0.08495434696308059,23
euc,0.5,0.3149,shuffled,131,0.08014888337468982,22
euc,1.0,0.3559,real,310,0.19893807066296149,25
euc,1.0,0.3559,shuffled,271,0.18138957816377171,35
euc,2.0,0.4057,real,521,0.3779277491067884,58
euc,2.0,0.4057,shuffled,493,0.3612406947890819,44
euc,5.0,0.4986,real,767,0.7027094084954347,105
euc,5.0,0.4986,shuffled,793,0.7092803970223325,96
